/*
 Navicat Premium Data Transfer

 Source Server         : localhost_3306
 Source Server Type    : MySQL
 Source Server Version : 80017
 Source Host           : localhost:3306
 Source Schema         : rhinelab

 Target Server Type    : MySQL
 Target Server Version : 80017
 File Encoding         : 65001

 Date: 19/12/2023 14:05:18
*/

SET NAMES utf8mb4;
SET FOREIGN_KEY_CHECKS = 0;

-- ----------------------------
-- Table structure for application
-- ----------------------------
DROP TABLE IF EXISTS `application`;
CREATE TABLE `application`  (
  `applicationNum` int(11) NOT NULL AUTO_INCREMENT,
  `name` varchar(50) CHARACTER SET utf8mb4 COLLATE utf8mb4_0900_ai_ci NULL DEFAULT NULL,
  `gender` varchar(10) CHARACTER SET utf8mb4 COLLATE utf8mb4_0900_ai_ci NULL DEFAULT NULL,
  `photo` varchar(255) CHARACTER SET utf8mb4 COLLATE utf8mb4_0900_ai_ci NULL DEFAULT NULL,
  `nation` varchar(50) CHARACTER SET utf8mb4 COLLATE utf8mb4_0900_ai_ci NULL DEFAULT NULL,
  `birthday` date NULL DEFAULT NULL,
  `politicalStatus` varchar(50) CHARACTER SET utf8mb4 COLLATE utf8mb4_0900_ai_ci NULL DEFAULT NULL,
  `degree` varchar(50) CHARACTER SET utf8mb4 COLLATE utf8mb4_0900_ai_ci NULL DEFAULT NULL,
  `marriage` varchar(50) CHARACTER SET utf8mb4 COLLATE utf8mb4_0900_ai_ci NULL DEFAULT NULL,
  `birthplace` varchar(255) CHARACTER SET utf8mb4 COLLATE utf8mb4_0900_ai_ci NULL DEFAULT NULL,
  `IDNum` varchar(50) CHARACTER SET utf8mb4 COLLATE utf8mb4_0900_ai_ci NULL DEFAULT NULL,
  `phone` varchar(50) CHARACTER SET utf8mb4 COLLATE utf8mb4_0900_ai_ci NULL DEFAULT NULL,
  `email` varchar(255) CHARACTER SET utf8mb4 COLLATE utf8mb4_0900_ai_ci NULL DEFAULT NULL,
  `applicationSection` varchar(50) CHARACTER SET utf8mb4 COLLATE utf8mb4_0900_ai_ci NULL DEFAULT NULL,
  `applicationForm` varchar(255) CHARACTER SET utf8mb4 COLLATE utf8mb4_0900_ai_ci NULL DEFAULT NULL,
  PRIMARY KEY (`applicationNum`) USING BTREE
) ENGINE = InnoDB AUTO_INCREMENT = 2023298 CHARACTER SET = utf8mb4 COLLATE = utf8mb4_0900_ai_ci ROW_FORMAT = Dynamic;

-- ----------------------------
-- Records of application
-- ----------------------------
INSERT INTO `application` VALUES (2023295, 'www5', 'male', 'jn.jpg', 'yanguo', '2023-12-05', 's', 'doctoral', 'spinsterhood', '无', '542121451215421245', '15995411633', '9@qq.com', 'ENERGY SECTION', '自然语言处理第3次平时作业(2023).docx');
INSERT INTO `application` VALUES (2023298, 'www8', 'female', 'heita.png', '炎', '2023-12-13', '群众', 'doctoral', 'married', '水水水水', '444112245789951525', '13812345679', '7@qq.com', 'ENERGY SECTION', '软工2103账本.xlsx');

-- ----------------------------
-- Table structure for apply
-- ----------------------------
DROP TABLE IF EXISTS `apply`;
CREATE TABLE `apply`  (
  `applyNum` int(10) UNSIGNED NOT NULL AUTO_INCREMENT,
  `employeeNum` int(11) NOT NULL,
  `name` varchar(50) CHARACTER SET utf8mb4 COLLATE utf8mb4_0900_ai_ci NOT NULL,
  `origionSection` varchar(50) CHARACTER SET utf8mb4 COLLATE utf8mb4_0900_ai_ci NOT NULL,
  `newSection` varchar(50) CHARACTER SET utf8mb4 COLLATE utf8mb4_0900_ai_ci NOT NULL,
  `origionSalary` double NOT NULL,
  `newSalary` double NOT NULL,
  `applyReason` text CHARACTER SET utf8mb4 COLLATE utf8mb4_0900_ai_ci NOT NULL,
  `status` varchar(10) CHARACTER SET utf8mb4 COLLATE utf8mb4_0900_ai_ci NOT NULL DEFAULT '未审批',
  PRIMARY KEY (`applyNum`) USING BTREE,
  INDEX `employeeNum`(`employeeNum`) USING BTREE,
  CONSTRAINT `apply_ibfk_1` FOREIGN KEY (`employeeNum`) REFERENCES `employee` (`employeeNum`) ON DELETE RESTRICT ON UPDATE RESTRICT
) ENGINE = InnoDB AUTO_INCREMENT = 9 CHARACTER SET = utf8mb4 COLLATE = utf8mb4_0900_ai_ci ROW_FORMAT = Dynamic;

-- ----------------------------
-- Records of apply
-- ----------------------------
INSERT INTO `apply` VALUES (7, 2023003, '能天使', '2', '4', 2222, 2222, '222', '已同意');
INSERT INTO `apply` VALUES (9, 2023001, '狮蝎', '0', '2', 222, 22222, '222222', '已同意');
INSERT INTO `apply` VALUES (10, 2023008, 'amiya', '2', '3', 40000, 400000, '', '未审批');

-- ----------------------------
-- Table structure for client
-- ----------------------------
DROP TABLE IF EXISTS `client`;
CREATE TABLE `client`  (
  `phone` varchar(50) CHARACTER SET utf8mb4 COLLATE utf8mb4_0900_ai_ci NOT NULL,
  `name` varchar(50) CHARACTER SET utf8mb4 COLLATE utf8mb4_0900_ai_ci NOT NULL,
  INDEX `phone`(`phone`) USING BTREE,
  INDEX `name`(`name`) USING BTREE,
  CONSTRAINT `client_ibfk_1` FOREIGN KEY (`phone`) REFERENCES `user` (`phone`) ON DELETE RESTRICT ON UPDATE RESTRICT,
  CONSTRAINT `client_ibfk_2` FOREIGN KEY (`name`) REFERENCES `user` (`name`) ON DELETE RESTRICT ON UPDATE RESTRICT
) ENGINE = InnoDB CHARACTER SET = utf8mb4 COLLATE = utf8mb4_0900_ai_ci ROW_FORMAT = Dynamic;

-- ----------------------------
-- Records of client
-- ----------------------------
INSERT INTO `client` VALUES ('15992425969', '王文朗');

-- ----------------------------
-- Table structure for employee
-- ----------------------------
DROP TABLE IF EXISTS `employee`;
CREATE TABLE `employee`  (
  `employeeNum` int(11) NOT NULL AUTO_INCREMENT,
  `name` varchar(50) CHARACTER SET utf8mb4 COLLATE utf8mb4_0900_ai_ci NOT NULL,
  `gender` varchar(10) CHARACTER SET utf8mb4 COLLATE utf8mb4_0900_ai_ci NULL DEFAULT NULL,
  `photo` varchar(255) CHARACTER SET utf8mb4 COLLATE utf8mb4_0900_ai_ci NULL DEFAULT NULL,
  `nation` varchar(50) CHARACTER SET utf8mb4 COLLATE utf8mb4_0900_ai_ci NULL DEFAULT NULL,
  `birthday` date NULL DEFAULT NULL,
  `politicalStatus` varchar(50) CHARACTER SET utf8mb4 COLLATE utf8mb4_0900_ai_ci NULL DEFAULT NULL,
  `degree` varchar(50) CHARACTER SET utf8mb4 COLLATE utf8mb4_0900_ai_ci NULL DEFAULT NULL,
  `marriage` varchar(50) CHARACTER SET utf8mb4 COLLATE utf8mb4_0900_ai_ci NULL DEFAULT NULL,
  `birthplace` varchar(255) CHARACTER SET utf8mb4 COLLATE utf8mb4_0900_ai_ci NULL DEFAULT NULL,
  `IDNum` varchar(50) CHARACTER SET utf8mb4 COLLATE utf8mb4_0900_ai_ci NOT NULL,
  `phone` varchar(50) CHARACTER SET utf8mb4 COLLATE utf8mb4_0900_ai_ci NOT NULL,
  `email` varchar(255) CHARACTER SET utf8mb4 COLLATE utf8mb4_0900_ai_ci NOT NULL,
  `entryTime` date NULL DEFAULT NULL,
  `level` varchar(50) CHARACTER SET utf8mb4 COLLATE utf8mb4_0900_ai_ci NULL DEFAULT '1',
  `salary` decimal(10, 2) NULL DEFAULT NULL,
  `sectionNum` int(11) NOT NULL,
  `status` varchar(50) CHARACTER SET utf8mb4 COLLATE utf8mb4_0900_ai_ci NULL DEFAULT NULL,
  `password` varchar(255) CHARACTER SET utf8mb4 COLLATE utf8mb4_0900_ai_ci NOT NULL,
  `identity` varchar(50) CHARACTER SET utf8mb4 COLLATE utf8mb4_0900_ai_ci NULL DEFAULT NULL,
  PRIMARY KEY (`employeeNum`) USING BTREE,
  INDEX `employeeNum`(`employeeNum`) USING BTREE
) ENGINE = InnoDB AUTO_INCREMENT = 2023293 CHARACTER SET = utf8mb4 COLLATE = utf8mb4_0900_ai_ci ROW_FORMAT = Dynamic;

-- ----------------------------
-- Records of employee
-- ----------------------------
INSERT INTO `employee` VALUES (2023001, '狮蝎', '女', '狮蝎.jpg', '萨尔贡', '2002-11-12', '群众', '本科', '未婚', '萨尔贡', '128300536', '120165348', '13387@qq.com', '2019-04-30', '1', 22222.00, 2, '在职', '2023001', '员工');
INSERT INTO `employee` VALUES (2023002, 'Castle-3', '男', 'Castle-3.jpg', '罗德岛', '2002-10-05', '群众', '小学', '未婚', '罗德岛', '169220574', '172638918', '17496@qq.com', '2019-04-30', '1', 3000.00, 0, '在职', '2023002', '员工');
INSERT INTO `employee` VALUES (2023003, '能天使', '女', '能天使.jpg', '龙门、企鹅物流', '2004-07-04', '群众', '博士', '未婚', '拉特兰', '158002407', '136522219', '10752@qq.com', '2019-04-30', '1', 2222.00, 4, '在职', '2023003', '员工');
INSERT INTO `employee` VALUES (2023004, '食铁兽', '女', '食铁兽.jpg', '炎-龙门', '2000-09-19', '群众', '本科', '未婚', '炎', '162832383', '134641807', '16831@qq.com', '2001-01-29', '1', 18000.00, 2, '在职', '2023004', '员工');
INSERT INTO `employee` VALUES (2023005, '杜林', '女', '杜林.jpg', '罗德岛、行动组A4', '2001-01-29', '群众', '初中', '未婚', '未公开', '164130928', '175082501', '17596@qq.com', '2001-01-29', '1', 12000.00, 3, '在职', '2023005', '员工');
INSERT INTO `employee` VALUES (2023006, '芬', '女', '芬.jpg', '罗德岛、行动预备组A1', '2002-01-08', '群众', '高中', '未婚', '卡西米尔', '171679279', '133547707', '12942@qq.com', '2001-01-29', '1', 9000.00, 4, '在职', '2023006', '员工');
INSERT INTO `employee` VALUES (2023007, '炎熔', '女', '炎熔.jpg', '罗德岛、行动预备组A1', '2000-07-27', '群众', '高中', '未婚', '罗德岛', '142588608', '181612157', '16246@qq.com', '2001-01-29', '1', 27000.00, 5, '在职', '2023007', '员工');
INSERT INTO `employee` VALUES (2023008, '阿米娅', '女', '阿米娅.jpg', '罗德岛', '2002-02-23', '群众', '本科', '未婚', '罗德岛', '120602238', '193172821', '17738@qq.com', '2019-04-29', '2', 0.00, 8, '在职', '2023008', '员工');
INSERT INTO `employee` VALUES (2023009, '蓝毒', '女', '蓝毒.jpg', '伊比利亚', '2001-09-30', '群众', '本科', '未婚', '未公开', '191827680', '133542367', '12049@qq.com', '2019-04-30', '1', 11000.00, 3, '在职', '2023009', '员工');
INSERT INTO `employee` VALUES (2023010, '拉普兰德', '女', '拉普兰德.jpg', '叙拉古', '1998-07-13', '群众', '本科', '未婚', '叙拉古', '123468504', '170444236', '11358@qq.com', '2019-04-30', '1', 17000.00, 0, '在职', '2023010', '员工');
INSERT INTO `employee` VALUES (2023011, '月见夜', '男', '月见夜.jpg', '罗德岛、行动预备组A6', '1999-07-21', '群众', '高中', '未婚', '东国', '158195026', '161401479', '15351@qq.com', '2019-05-30', '1', 14000.00, 7, '在职', '2023011', '员工');
INSERT INTO `employee` VALUES (2023012, 'Lancet-2', '女', 'Lancet-2.jpg', '罗德岛', '1998-01-29', '群众', '小学', '未婚', '罗德岛', '124145996', '139391650', '11203@qq.com', '2019-04-30', '1', 3000.00, 4, '在职', '2023012', '员工');
INSERT INTO `employee` VALUES (2023013, '黑', '女', '黑.jpg', '哥伦比亚、汐斯塔', '2004-12-19', '群众', '博士', '未婚', '哥伦比亚', '173835165', '125073548', '15935@qq.com', '2019-08-27', '1', 16000.00, 5, '在职', '2023013', '员工');
INSERT INTO `employee` VALUES (2023014, '幽灵鲨', '女', '幽灵鲨.jpg', '阿戈尔、深海猎人', '2002-04-24', '群众', '本科', '未婚', '阿戈尔', '120247035', '171207461', '14151@qq.com', '2019-04-30', '1', 19000.00, 8, '在职', '2023014', '员工');
INSERT INTO `employee` VALUES (2023015, '安洁莉娜', '女', '安洁莉娜.jpg', '叙拉古', '2002-12-02', '群众', '博士', '未婚', '叙拉古', '161533251', '123113119', '19211@qq.com', '2019-04-30', '1', 14000.00, 9, '在职', '2023015', '员工');
INSERT INTO `employee` VALUES (2023016, '德克萨斯', '女', '德克萨斯.jpg', '龙门、企鹅物流', '2000-02-05', '群众', '本科', '未婚', '哥伦比亚', '134625713', '144031452', '15516@qq.com', '2019-04-30', '1', 11000.00, 2, '在职', '2023016', '员工');
INSERT INTO `employee` VALUES (2023017, '槐琥', '女', '槐琥.jpg', '炎-龙门、鲤氏侦探事务所', '2001-07-09', '群众', '本科', '未婚', '炎', '114765263', '153949394', '12313@qq.com', '2019-11-19', '1', 7000.00, 5, '在职', '2023017', '员工');
INSERT INTO `employee` VALUES (2023018, '赫默', '女', '赫默.jpg', '哥伦比亚、莱茵生命', '2003-08-29', '群众', '本科', '未婚', '哥伦比亚', '126623574', '187794849', '15658@qq.com', '2019-04-30', '2', 17000.00, 7, '在职', '2023018', '员工');
INSERT INTO `employee` VALUES (2023019, '银灰', '男', '银灰.jpg', '谢拉格、喀兰贸易', '2000-07-18', '群众', '博士', '未婚', '谢拉格', '158504218', '120655906', '14279@qq.com', '2019-04-30', '2', 18000.00, 6, '在职', '2023019', '员工');
INSERT INTO `employee` VALUES (2023020, '莫斯提马', '女', '莫斯提马.jpg', '拉特兰', '2004-12-28', '群众', '博士', '未婚', '拉特兰', '126700346', '145634059', '15291@qq.com', '2019-11-19', '1', 31000.00, 4, '在职', '2023020', '员工');
INSERT INTO `employee` VALUES (2023021, '夜莺', '女', '夜莺.jpg', '使徒', '2001-01-18', '群众', '博士', '未婚', '使徒', '110116067', '199028765', '15854@qq.com', '2019-04-30', '1', 16000.00, 2, '在职', '2023021', '员工');
INSERT INTO `employee` VALUES (2023022, '红', '女', '红.jpg', '罗德岛、S.W.E.E.P', '2002-11-03', '群众', '本科', '未婚', '未公开', '152801875', '188653777', '14263@qq.com', '2019-04-30', '1', 7000.00, 0, '在职', '2023022', '员工');
INSERT INTO `employee` VALUES (2023023, '白面鸮', '女', '白面鸮.jpg', '哥伦比亚、莱茵生命', '2003-01-06', '群众', '本科', '未婚', '哥伦比亚', '172898408', '141856738', '12950@qq.com', '2019-04-30', '1', 15000.00, 8, '在职', '2023023', '员工');
INSERT INTO `employee` VALUES (2023024, '香草', '女', '香草.jpg', '哥伦比亚、黑钢国际', '2002-10-30', '群众', '高中', '未婚', '瓦伊凡', '141147921', '123104971', '13300@qq.com', '2019-04-30', '1', 9000.00, 0, '在职', '2023024', '员工');
INSERT INTO `employee` VALUES (2023025, '星熊', '女', '星熊.jpg', '炎-龙门、龙门近卫局', '1999-09-06', '群众', '博士', '未婚', '东国', '179764116', '151195550', '17270@qq.com', '2019-04-30', '2', 19000.00, 5, '在职', '2023025', '员工');
INSERT INTO `employee` VALUES (2023026, '史都华德', '男', '史都华德.jpg', '罗德岛、行动预备组A4', '2004-08-13', '群众', '高中', '未婚', '谢拉格', '140856119', '142550368', '19336@qq.com', '2001-01-29', '1', 16000.00, 1, '在职', '2023026', '员工');
INSERT INTO `employee` VALUES (2023027, '卡缇', '女', '卡缇.jpg', '罗德岛、行动预备组A4', '1998-07-08', '群众', '高中', '未婚', '莱塔尼亚', '112983029', '171152585', '11773@qq.com', '2001-01-29', '1', 16000.00, 6, '在职', '2023027', '员工');
INSERT INTO `employee` VALUES (2023028, '陈', '女', '陈.jpg', '炎-龙门、龙门近卫局', '2000-05-23', '群众', '博士', '未婚', '龙门', '170244594', '196903864', '18493@qq.com', '2019-07-09', '1', 19000.00, 6, '在职', '2023028', '员工');
INSERT INTO `employee` VALUES (2023029, '空', '女', '空.jpg', '龙门、企鹅物流', '1998-06-29', '群众', '本科', '未婚', '因经纪公司要求不公开', '147363806', '107693083', '13367@qq.com', '2019-04-30', '1', 5000.00, 0, '在职', '2023029', '员工');
INSERT INTO `employee` VALUES (2023030, '米格鲁', '女', '米格鲁.jpg', '罗德岛、行动预备组A1', '1998-11-23', '群众', '高中', '未婚', '罗德岛', '129089440', '150291843', '18469@qq.com', '2001-01-29', '1', 16000.00, 1, '在职', '2023030', '员工');
INSERT INTO `employee` VALUES (2023031, '年', '女', '年.jpg', '炎、炎-岁', '2004-07-25', '群众', '博士', '未婚', '炎', '102319495', '140209357', '15552@qq.com', '2020-01-16', '1', 19000.00, 5, '在职', '2023031', '员工');
INSERT INTO `employee` VALUES (2023032, '阿', '男', '阿.jpg', '炎-龙门、鲤氏侦探事务所', '2002-10-26', '群众', '博士', '未婚', '龙门', '184372527', '196054908', '13417@qq.com', '2020-01-16', '1', 11000.00, 4, '在职', '2023032', '员工');
INSERT INTO `employee` VALUES (2023033, '吽', '男', '吽.jpg', '炎-龙门、鲤氏侦探事务所', '2000-06-27', '群众', '本科', '未婚', '龙门', '170315864', '128723305', '17710@qq.com', '2020-01-16', '1', 17000.00, 0, '在职', '2023033', '员工');
INSERT INTO `employee` VALUES (2023034, '雪雉', '女', '雪雉.jpg', '炎-龙门', '2004-09-02', '群众', '本科', '未婚', '龙门', '138224098', '183854344', '19385@qq.com', '2020-01-09', '1', 13000.00, 1, '在职', '2023034', '员工');
INSERT INTO `employee` VALUES (2023035, '煌', '女', '煌.jpg', '罗德岛、罗德岛-精英干员', '2001-01-23', '群众', '博士', '未婚', '维多利亚', '109834057', '124356982', '12787@qq.com', '2019-12-24', '1', 20000.00, 1, '在职', '2023035', '员工');
INSERT INTO `employee` VALUES (2023036, '灰喉', '女', '灰喉.jpg', '罗德岛', '2000-03-07', '群众', '本科', '未婚', '罗德岛', '196815591', '100460218', '17783@qq.com', '2019-12-24', '1', 11000.00, 2, '在职', '2023036', '员工');
INSERT INTO `employee` VALUES (2023037, '安比尔', '女', '安比尔.jpg', '拉特兰', '1998-08-24', '群众', '大专', '未婚', '拉特兰', '130238519', '185329861', '10040@qq.com', '2019-12-24', '1', 18000.00, 0, '在职', '2023037', '员工');
INSERT INTO `employee` VALUES (2023038, '布洛卡', '男', '布洛卡.jpg', '叙拉古、贾维团伙', '1999-01-17', '群众', '本科', '未婚', '叙拉古', '148580605', '126660056', '11073@qq.com', '2019-12-10', '1', 19000.00, 5, '在职', '2023038', '员工');
INSERT INTO `employee` VALUES (2023039, '苇草', '女', '苇草.jpg', '维多利亚', '2003-06-28', '群众', '本科', '未婚', '维多利亚', '112044198', '162008199', '13168@qq.com', '2019-12-10', '1', 10000.00, 3, '在职', '2023039', '员工');
INSERT INTO `employee` VALUES (2023040, '拜松', '男', '拜松.jpg', '炎-龙门', '2003-04-13', '群众', '本科', '未婚', '龙门', '131962788', '124220955', '15308@qq.com', '2019-11-19', '1', 20000.00, 6, '在职', '2023040', '员工');
INSERT INTO `employee` VALUES (2023041, '梅', '女', '梅.jpg', '维多利亚', '2000-05-02', '群众', '大专', '未婚', '维多利亚', '196518478', '197941849', '15994@qq.com', '2019-11-19', '1', 10000.00, 0, '在职', '2023041', '员工');
INSERT INTO `employee` VALUES (2023042, '微风', '女', '微风.jpg', '维多利亚', '1998-07-29', '群众', '本科', '未婚', '维多利亚', '133500790', '173658498', '14152@qq.com', '2019-11-01', '1', 15000.00, 9, '在职', '2023042', '员工');
INSERT INTO `employee` VALUES (2023043, '伊桑', '男', '伊桑.jpg', '罗德岛', '2000-07-20', '群众', '大专', '未婚', '未公开', '180257685', '118808218', '13375@qq.com', '2019-11-01', '1', 17000.00, 0, '在职', '2023043', '员工');
INSERT INTO `employee` VALUES (2023044, '麦哲伦', '女', '麦哲伦.jpg', '哥伦比亚、莱茵生命', '2003-12-06', '群众', '博士', '未婚', '哥伦比亚', '169502584', '110271617', '17209@qq.com', '2019-10-15', '2', 10000.00, 8, '在职', '2023044', '员工');
INSERT INTO `employee` VALUES (2023045, '送葬人', '男', '送葬人.jpg', '拉特兰', '2000-05-13', '群众', '本科', '未婚', '拉特兰', '149226148', '134903722', '16587@qq.com', '2019-10-15', '2', 28000.00, 5, '在职', '2023045', '员工');
INSERT INTO `employee` VALUES (2023046, '炎客', '男', '炎客.jpg', '罗德岛', '2002-11-12', '群众', '本科', '未婚', '卡兹戴尔', '145192458', '142623800', '10672@qq.com', '2019-10-15', '1', 18000.00, 0, '在职', '2023046', '员工');
INSERT INTO `employee` VALUES (2023047, '红云', '女', '红云.jpg', '叙拉古', '2003-07-20', '群众', '大专', '未婚', '不明', '144227375', '191599944', '15067@qq.com', '2019-10-15', '1', 10000.00, 2, '在职', '2023047', '员工');
INSERT INTO `employee` VALUES (2023048, '坚雷', '女', '坚雷.jpg', '罗德岛', '2002-12-03', '群众', '大专', '未婚', '哥伦比亚', '186630008', '115528798', '18955@qq.com', '2019-10-01', '1', 20000.00, 8, '在职', '2023048', '员工');
INSERT INTO `employee` VALUES (2023049, '赫拉格', '男', '赫拉格.jpg', '乌萨斯', '2001-03-14', '群众', '博士', '未婚', '乌萨斯', '132851907', '156277001', '17038@qq.com', '2019-09-10', '1', 22000.00, 8, '在职', '2023049', '员工');
INSERT INTO `employee` VALUES (2023050, '星极', '女', '星极.jpg', '哥伦比亚', '2001-01-04', '群众', '本科', '未婚', '哥伦比亚', '163628349', '124460307', '18356@qq.com', '2019-09-10', '1', 19000.00, 9, '在职', '2023050', '员工');
INSERT INTO `employee` VALUES (2023051, '桃金娘', '女', '桃金娘.jpg', '罗德岛', '2000-10-30', '群众', '大专', '未婚', '未公开', '115302719', '101417438', '10840@qq.com', '2019-09-10', '1', 8000.00, 7, '在职', '2023051', '员工');
INSERT INTO `employee` VALUES (2023052, '格劳克斯', '女', '格劳克斯.jpg', '伊比利亚', '2004-11-14', '群众', '本科', '未婚', '伊比利亚', '193084498', '108102754', '17775@qq.com', '2019-08-27', '1', 13000.00, 2, '在职', '2023052', '员工');
INSERT INTO `employee` VALUES (2023053, '锡兰', '女', '锡兰.jpg', '哥伦比亚、汐斯塔', '2002-10-23', '群众', '本科', '未婚', '锡兰·道尔科斯', '196536243', '162601732', '15104@qq.com', '2019-08-27', '1', 20000.00, 4, '在职', '2023053', '员工');
INSERT INTO `employee` VALUES (2023054, '苏苏洛', '女', '苏苏洛.jpg', '罗德岛、罗德岛（医疗部门）', '1998-02-03', '群众', '大专', '未婚', '叙拉古', '150592498', '109102499', '17775@qq.com', '2019-08-27', '1', 16000.00, 1, '在职', '2023054', '员工');
INSERT INTO `employee` VALUES (2023055, '诗怀雅', '女', '诗怀雅.jpg', '炎-龙门、龙门近卫局', '1999-08-08', '群众', '本科', '未婚', '龙门', '176500823', '121104512', '11965@qq.com', '2019-07-09', '1', 14000.00, 7, '在职', '2023055', '员工');
INSERT INTO `employee` VALUES (2023056, '格雷伊', '男', '格雷伊.jpg', '玻利瓦尔', '2001-08-14', '群众', '大专', '未婚', '玻利瓦尔', '120441959', '197101563', '16608@qq.com', '2019-07-09', '1', 29000.00, 3, '在职', '2023056', '员工');
INSERT INTO `employee` VALUES (2023057, '斑点', '男', '斑点.jpg', '罗德岛、行动预备组A6', '2002-02-09', '群众', '高中', '未婚', '萨尔贡', '112181029', '158577063', '16599@qq.com', '2019-07-09', '1', 15000.00, 4, '在职', '2023057', '员工');
INSERT INTO `employee` VALUES (2023058, '斯卡蒂', '女', '斯卡蒂.jpg', '阿戈尔、深海猎人', '2004-01-18', '群众', '博士', '未婚', '阿戈尔', '122383260', '161372765', '12210@qq.com', '2019-05-30', '1', 17000.00, 1, '在职', '2023058', '员工');
INSERT INTO `employee` VALUES (2023059, '格拉尼', '女', '格拉尼.jpg', '维多利亚', '1998-11-03', '群众', '本科', '未婚', '维多利亚', '189523331', '148234558', '15598@qq.com', '2019-05-30', '1', 12000.00, 0, '在职', '2023059', '员工');
INSERT INTO `employee` VALUES (2023060, '夜魔', '女', '夜魔.jpg', '维多利亚', '1998-08-10', '群众', '本科', '未婚', '维多利亚', '137261253', '119942395', '14612@qq.com', '2019-05-30', '1', 18000.00, 8, '在职', '2023060', '员工');
INSERT INTO `employee` VALUES (2023061, '猎蜂', '女', '猎蜂.jpg', '乌萨斯', '2002-05-07', '群众', '大专', '未婚', '乌萨斯', '166011162', '187978072', '14983@qq.com', '2019-05-30', '1', 7000.00, 7, '在职', '2023061', '员工');
INSERT INTO `employee` VALUES (2023062, '空爆', '女', '空爆.jpg', '罗德岛、行动预备组A6', '2000-09-27', '群众', '高中', '未婚', '罗德岛', '186236571', '113604109', '17793@qq.com', '2019-05-23', '1', 23000.00, 2, '在职', '2023062', '员工');
INSERT INTO `employee` VALUES (2023063, '暴行', '女', '暴行.jpg', '雷姆必拓', '2002-06-19', '群众', '本科', '未婚', '雷姆必拓', '161111758', '110896634', '11153@qq.com', '2019-04-30', '1', 18000.00, 3, '在职', '2023063', '员工');
INSERT INTO `employee` VALUES (2023064, '塞雷娅', '女', '塞雷娅.jpg', '哥伦比亚、莱茵生命', '2003-02-16', '群众', '博士', '未婚', '哥伦比亚', '194341290', '194523207', '14464@qq.com', '2019-04-30', '2', 18000.00, 4, '在职', '2023064', '员工');
INSERT INTO `employee` VALUES (2023065, '闪灵', '女', '闪灵.jpg', '使徒', '1999-03-15', '群众', '博士', '未婚', '卡兹戴尔', '146658313', '112153133', '18782@qq.com', '2001-01-29', '1', 18000.00, 8, '在职', '2023065', '员工');
INSERT INTO `employee` VALUES (2023066, '艾雅法拉', '女', '艾雅法拉.jpg', '莱塔尼亚', '2000-11-18', '群众', '博士', '未婚', '莱塔尼亚', '139859257', '104902421', '10585@qq.com', '2019-04-30', '1', 19000.00, 3, '在职', '2023066', '员工');
INSERT INTO `employee` VALUES (2023067, '伊芙利特', '女', '伊芙利特.jpg', '哥伦比亚、莱茵生命', '1998-05-10', '群众', '博士', '未婚', '未公开', '117498822', '193438985', '14032@qq.com', '2019-04-30', '2', 31000.00, 2, '在职', '2023067', '员工');
INSERT INTO `employee` VALUES (2023068, '推进之王', '女', '推进之王.jpg', '维多利亚、格拉斯哥帮', '1998-01-08', '群众', '博士', '未婚', '维多利亚', '117011183', '134725031', '19724@qq.com', '2001-01-29', '1', 12000.00, 5, '在职', '2023068', '员工');
INSERT INTO `employee` VALUES (2023069, '真理', '女', '真理.jpg', '乌萨斯、乌萨斯学生自治团', '2000-02-19', '群众', '本科', '未婚', '乌萨斯', '199875757', '110299455', '15817@qq.com', '2019-04-30', '1', 13000.00, 2, '在职', '2023069', '员工');
INSERT INTO `employee` VALUES (2023070, '初雪', '女', '初雪.jpg', '谢拉格、喀兰贸易', '2004-09-04', '群众', '本科', '未婚', '谢拉格', '103747177', '117532880', '10848@qq.com', '2019-04-30', '1', 10000.00, 7, '在职', '2023070', '员工');
INSERT INTO `employee` VALUES (2023071, '崖心', '女', '崖心.jpg', '谢拉格、喀兰贸易', '2003-06-16', '群众', '本科', '未婚', '谢拉格', '100935435', '152442333', '16437@qq.com', '2019-04-30', '1', 11000.00, 0, '在职', '2023071', '员工');
INSERT INTO `employee` VALUES (2023072, '守林人', '女', '守林人.jpg', '罗德岛', '2003-12-24', '群众', '本科', '未婚', '未公开', '125428392', '189655905', '18266@qq.com', '2019-04-30', '1', 19000.00, 4, '在职', '2023072', '员工');
INSERT INTO `employee` VALUES (2023073, '普罗旺斯', '女', '普罗旺斯.jpg', '叙拉古', '1998-03-21', '群众', '本科', '未婚', '叙拉古', '102097992', '145335670', '18106@qq.com', '2019-04-30', '1', 15000.00, 1, '在职', '2023073', '员工');
INSERT INTO `employee` VALUES (2023074, '火神', '女', '火神.jpg', '米诺斯', '1999-04-06', '群众', '本科', '未婚', '米诺斯', '178867609', '155169459', '17882@qq.com', '2001-01-29', '1', 31000.00, 7, '在职', '2023074', '员工');
INSERT INTO `employee` VALUES (2023075, '可颂', '女', '可颂.jpg', '龙门、企鹅物流', '2002-05-16', '群众', '本科', '未婚', '米诺斯', '112933495', '170585069', '10168@qq.com', '2019-04-30', '1', 18000.00, 4, '在职', '2023075', '员工');
INSERT INTO `employee` VALUES (2023076, '雷蛇', '女', '雷蛇.jpg', '哥伦比亚、黑钢国际', '2002-06-23', '群众', '本科', '未婚', '瓦伊凡', '139306635', '107376002', '11105@qq.com', '2019-04-30', '1', 18000.00, 9, '在职', '2023076', '员工');
INSERT INTO `employee` VALUES (2023077, '临光', '女', '临光.jpg', '使徒', '1998-05-04', '群众', '本科', '未婚', '卡西米尔', '151257408', '163161031', '19034@qq.com', '2019-04-30', '1', 17000.00, 4, '在职', '2023077', '员工');
INSERT INTO `employee` VALUES (2023078, '华法琳', '女', '华法琳.jpg', '罗德岛', '2001-12-20', '群众', '本科', '未婚', '卡兹戴尔', '174747443', '173536747', '14322@qq.com', '2019-04-30', '1', 17000.00, 9, '在职', '2023078', '员工');
INSERT INTO `employee` VALUES (2023079, '梅尔', '女', '梅尔.jpg', '哥伦比亚、莱茵生命', '2004-05-11', '群众', '本科', '未婚', '哥伦比亚', '102273297', '149027138', '10731@qq.com', '2019-04-30', '2', 9000.00, 7, '在职', '2023079', '员工');
INSERT INTO `employee` VALUES (2023080, '天火', '女', '天火.jpg', '维多利亚', '1999-02-11', '群众', '本科', '未婚', '维多利亚', '122906775', '171336326', '14431@qq.com', '2019-04-30', '1', 30000.00, 3, '在职', '2023080', '员工');
INSERT INTO `employee` VALUES (2023081, '陨星', '女', '陨星.jpg', '罗德岛', '1998-10-18', '群众', '本科', '未婚', '卡兹戴尔', '188096441', '147974779', '19707@qq.com', '2019-04-30', '1', 24000.00, 6, '在职', '2023081', '员工');
INSERT INTO `employee` VALUES (2023082, '白金', '女', '白金.jpg', '卡西米尔', '2003-01-20', '群众', '本科', '未婚', '卡西米尔', '132285892', '145489300', '18236@qq.com', '2019-04-30', '1', 11000.00, 2, '在职', '2023082', '员工');
INSERT INTO `employee` VALUES (2023083, '因陀罗', '女', '因陀罗.jpg', '维多利亚、格拉斯哥帮', '2004-06-13', '群众', '本科', '未婚', '不明', '101358459', '137127283', '11039@qq.com', '2001-01-29', '1', 8000.00, 7, '在职', '2023083', '员工');
INSERT INTO `employee` VALUES (2023084, '芙兰卡', '女', '芙兰卡.jpg', '哥伦比亚、黑钢国际', '2001-04-05', '群众', '本科', '未婚', '哥伦比亚', '118401128', '151946390', '13719@qq.com', '2019-04-30', '1', 16000.00, 4, '在职', '2023084', '员工');
INSERT INTO `employee` VALUES (2023085, '凛冬', '女', '凛冬.jpg', '乌萨斯、乌萨斯学生自治团', '1999-05-23', '群众', '本科', '未婚', '乌萨斯', '134016014', '126191992', '17874@qq.com', '2019-04-30', '1', 11000.00, 3, '在职', '2023085', '员工');
INSERT INTO `employee` VALUES (2023086, '阿消', '女', '阿消.jpg', '炎-龙门', '2001-01-29', '群众', '大专', '未婚', '龙门', '197167650', '149409822', '17615@qq.com', '2019-04-30', '1', 17000.00, 2, '在职', '2023086', '员工');
INSERT INTO `employee` VALUES (2023087, '地灵', '女', '地灵.jpg', '莱塔尼亚', '2003-12-24', '群众', '大专', '未婚', '莱塔尼亚', '186293514', '129439899', '11048@qq.com', '2001-01-29', '1', 12000.00, 5, '在职', '2023087', '员工');
INSERT INTO `employee` VALUES (2023088, '深海色', '女', '深海色.jpg', '阿戈尔', '2002-10-15', '群众', '大专', '未婚', '未公开', '136481081', '187914333', '12921@qq.com', '2019-04-30', '1', 8000.00, 8, '在职', '2023088', '员工');
INSERT INTO `employee` VALUES (2023089, '古米', '女', '古米.jpg', '乌萨斯、乌萨斯学生自治团', '1999-03-17', '群众', '大专', '未婚', '乌萨斯', '125217089', '170605511', '10920@qq.com', '2019-04-30', '1', 16000.00, 9, '在职', '2023089', '员工');
INSERT INTO `employee` VALUES (2023090, '蛇屠箱', '女', '蛇屠箱.jpg', '哥伦比亚', '2001-10-24', '群众', '大专', '未婚', '匹特拉姆', '134462292', '137440991', '19678@qq.com', '2019-04-30', '1', 17000.00, 1, '在职', '2023090', '员工');
INSERT INTO `employee` VALUES (2023091, '角峰', '男', '角峰.jpg', '谢拉格、喀兰贸易', '2001-04-11', '群众', '大专', '未婚', '谢拉格', '159284266', '179335317', '18944@qq.com', '2001-01-29', '1', 17000.00, 1, '在职', '2023091', '员工');
INSERT INTO `employee` VALUES (2023092, '调香师', '女', '调香师.jpg', '罗德岛、罗德岛（医疗部门）', '2004-10-03', '群众', '大专', '未婚', '莱娜', '120036092', '131030547', '16844@qq.com', '2019-04-30', '1', 14000.00, 3, '在职', '2023092', '员工');
INSERT INTO `employee` VALUES (2023093, '嘉维尔', '女', '嘉维尔.jpg', '罗德岛、罗德岛（医疗部门）', '2002-01-20', '群众', '大专', '未婚', '未公开', '166082928', '108564995', '11016@qq.com', '2019-04-30', '1', 16000.00, 0, '在职', '2023093', '员工');
INSERT INTO `employee` VALUES (2023094, '末药', '女', '末药.jpg', '罗德岛、罗德岛（医疗部门）', '2001-05-13', '群众', '大专', '未婚', '未公开', '134358409', '112241292', '11787@qq.com', '2019-04-30', '1', 16000.00, 5, '在职', '2023094', '员工');
INSERT INTO `employee` VALUES (2023095, '暗索', '女', '暗索.jpg', '炎-龙门', '2002-02-21', '群众', '大专', '未婚', '雷姆必拓', '194235875', '103504418', '15877@qq.com', '2001-01-29', '1', 10000.00, 1, '在职', '2023095', '员工');
INSERT INTO `employee` VALUES (2023096, '砾', '女', '砾.jpg', '卡西米尔', '1998-12-31', '群众', '大专', '未婚', '卡西米尔', '165778569', '123256878', '11016@qq.com', '2019-04-30', '1', 6000.00, 6, '在职', '2023096', '员工');
INSERT INTO `employee` VALUES (2023097, '慕斯', '女', '慕斯.jpg', '维多利亚', '1998-02-03', '群众', '大专', '未婚', '维多利亚', '114214788', '184339274', '15534@qq.com', '2001-01-29', '1', 18000.00, 2, '在职', '2023097', '员工');
INSERT INTO `employee` VALUES (2023098, '霜叶', '女', '霜叶.jpg', '罗德岛', '2000-08-15', '群众', '大专', '未婚', '哥伦比亚', '129155608', '113393834', '16039@qq.com', '2019-04-30', '1', 16000.00, 6, '在职', '2023098', '员工');
INSERT INTO `employee` VALUES (2023099, '缠丸', '女', '缠丸.jpg', '东', '1999-03-03', '群众', '大专', '未婚', '东国', '123133860', '115553311', '12011@qq.com', '2019-04-30', '1', 15000.00, 8, '在职', '2023099', '员工');
INSERT INTO `employee` VALUES (2023100, '杜宾', '女', '杜宾.jpg', '罗德岛', '2001-01-30', '群众', '大专', '未婚', '玻利瓦尔', '171421180', '159006254', '10067@qq.com', '2019-04-30', '1', 13000.00, 0, '在职', '2023100', '员工');
INSERT INTO `employee` VALUES (2023101, '红豆', '女', '红豆.jpg', '哥伦比亚', '2004-01-23', '群众', '大专', '未婚', '卡兹戴尔', '108694046', '103042402', '11572@qq.com', '2019-04-30', '1', 9000.00, 5, '在职', '2023101', '员工');
INSERT INTO `employee` VALUES (2023102, '清道夫', '女', '清道夫.jpg', '罗德岛、S.W.E.E.P', '2001-02-17', '群众', '大专', '未婚', '未公开', '150709643', '196726706', '14032@qq.com', '2019-04-30', '1', 10000.00, 8, '在职', '2023102', '员工');
INSERT INTO `employee` VALUES (2023103, '讯使', '男', '讯使.jpg', '谢拉格、喀兰贸易', '2000-07-15', '群众', '大专', '未婚', '谢拉格', '169769925', '132660889', '12244@qq.com', '2019-04-30', '1', 10000.00, 6, '在职', '2023103', '员工');
INSERT INTO `employee` VALUES (2023104, '白雪', '女', '白雪.jpg', '东', '1999-12-25', '群众', '大专', '未婚', '东国', '115205439', '133499069', '10979@qq.com', '2019-04-30', '1', 23000.00, 0, '在职', '2023104', '员工');
INSERT INTO `employee` VALUES (2023105, '流星', '女', '流星.jpg', '卡西米尔', '2003-09-06', '群众', '大专', '未婚', '卡西米尔', '142354770', '132536789', '11639@qq.com', '2019-04-30', '1', 10000.00, 7, '在职', '2023105', '员工');
INSERT INTO `employee` VALUES (2023106, '杰西卡', '女', '杰西卡.jpg', '哥伦比亚、黑钢国际', '1999-03-15', '群众', '大专', '未婚', '维多利亚', '122692178', '133690216', '13214@qq.com', '2019-04-30', '1', 10000.00, 0, '在职', '2023106', '员工');
INSERT INTO `employee` VALUES (2023107, '远山', '女', '远山.jpg', '萨米', '2003-02-14', '群众', '大专', '未婚', '萨米', '168278641', '105969196', '12872@qq.com', '2019-04-30', '1', 29000.00, 4, '在职', '2023107', '员工');
INSERT INTO `employee` VALUES (2023108, '夜烟', '女', '夜烟.jpg', '维多利亚', '1998-04-07', '群众', '大专', '未婚', '维多利亚', '140049222', '113532019', '14194@qq.com', '2001-01-29', '1', 17000.00, 8, '在职', '2023108', '员工');
INSERT INTO `employee` VALUES (2023109, '梓兰', '女', '梓兰.jpg', '罗德岛、行动预备组A6', '1998-02-07', '群众', '高中', '未婚', '哥伦比亚', '137253165', '154349503', '12930@qq.com', '2019-04-30', '1', 10000.00, 2, '在职', '2023109', '员工');
INSERT INTO `employee` VALUES (2023110, '芙蓉', '女', '芙蓉.jpg', '罗德岛、行动预备组A1', '2004-04-11', '群众', '高中', '未婚', '维多利亚', '121510668', '174480410', '10894@qq.com', '2001-01-29', '1', 15000.00, 4, '在职', '2023110', '员工');
INSERT INTO `employee` VALUES (2023111, '安德切尔', '男', '安德切尔.jpg', '罗德岛、行动预备组A4', '2001-01-29', '群众', '高中', '未婚', '拉特兰', '148499524', '140020051', '17193@qq.com', '2001-01-29', '1', 9000.00, 1, '在职', '2023111', '员工');
INSERT INTO `employee` VALUES (2023112, '克洛丝', '女', '克洛丝.jpg', '罗德岛、行动预备组A1', '2002-02-06', '群众', '高中', '未婚', '雷姆必拓', '125754859', '134213430', '17472@qq.com', '2001-01-29', '1', 9000.00, 8, '在职', '2023112', '员工');
INSERT INTO `employee` VALUES (2023113, '玫兰莎', '女', '玫兰莎.jpg', '罗德岛、行动预备组A4', '1999-03-31', '群众', '高中', '未婚', '维多利亚', '183718240', '164014113', '19459@qq.com', '2001-01-29', '1', 13000.00, 7, '在职', '2023113', '员工');
INSERT INTO `employee` VALUES (2023114, '翎羽', '女', '翎羽.jpg', '拉特兰', '2004-09-08', '群众', '高中', '未婚', '拉特兰', '116168680', '103486501', '14646@qq.com', '2019-04-30', '1', 8000.00, 1, '在职', '2023114', '员工');
INSERT INTO `employee` VALUES (2023115, '12F', '男', '12F.jpg', '罗德岛', '1998-08-04', '群众', '初中', '未婚', '不明', '182704978', '115416528', '17209@qq.com', '2019-04-30', '1', 24000.00, 1, '在职', '2023115', '员工');
INSERT INTO `employee` VALUES (2023116, '巡林者', '男', '巡林者.jpg', '罗德岛、行动组A4', '2001-05-11', '群众', '初中', '未婚', '罗德岛', '198783954', '187549529', '10188@qq.com', '2001-01-29', '1', 7000.00, 4, '在职', '2023116', '员工');
INSERT INTO `employee` VALUES (2023117, '黑角', '男', '黑角.jpg', '罗德岛、行动组A4', '2001-11-18', '群众', '初中', '未婚', '东国', '146998423', '119606503', '17237@qq.com', '2001-01-29', '1', 14000.00, 0, '在职', '2023117', '员工');
INSERT INTO `employee` VALUES (2023118, '惊蛰', '女', '惊蛰.jpg', '炎', '2002-04-07', '群众', '本科', '未婚', '炎国', '160116980', '166276309', '12700@qq.com', '2020-02-25', '1', 29000.00, 3, '在职', '2023118', '员工');
INSERT INTO `employee` VALUES (2023119, '夜刀', '女', '夜刀.jpg', '罗德岛、行动组A4', '2002-10-26', '群众', '初中', '未婚', '东国', '120361613', '193479450', '10085@qq.com', '2001-01-29', '1', 7000.00, 1, '在职', '2023119', '员工');
INSERT INTO `employee` VALUES (2023120, '泡普卡', '女', '泡普卡.jpg', '罗德岛、行动预备组A6', '1999-06-10', '群众', '高中', '未婚', '雷姆必拓', '179861019', '115254431', '19129@qq.com', '2019-07-09', '1', 17000.00, 7, '在职', '2023120', '员工');
INSERT INTO `employee` VALUES (2023121, '艾丝黛尔', '女', '艾丝黛尔.jpg', '萨尔贡', '1999-10-28', '群众', '大专', '未婚', '未公开', '135620391', '165154344', '19965@qq.com', '2019-04-30', '1', 18000.00, 8, '在职', '2023121', '员工');
INSERT INTO `employee` VALUES (2023122, '刻俄柏', '女', '刻俄柏.jpg', '罗德岛', '1998-06-03', '群众', '博士', '未婚', '玻利瓦尔', '155732164', '182632804', '12768@qq.com', '2020-02-25', '1', 19000.00, 8, '在职', '2023122', '员工');
INSERT INTO `employee` VALUES (2023123, '清流', '女', '清流.jpg', '炎', '2001-07-23', '群众', '大专', '未婚', '炎', '104149887', '179587694', '16099@qq.com', '2020-03-03', '1', 17000.00, 8, '在职', '2023123', '员工');
INSERT INTO `employee` VALUES (2023124, '柏喙', '女', '柏喙.jpg', '萨米', '2003-06-28', '群众', '本科', '未婚', '萨米', '195825773', '109045512', '17054@qq.com', '2020-03-17', '1', 18000.00, 9, '在职', '2023124', '员工');
INSERT INTO `employee` VALUES (2023125, '风笛', '女', '风笛.jpg', '维多利亚', '1998-05-24', '群众', '博士', '未婚', '菲奥娜·杨', '121548497', '155794067', '17277@qq.com', '2020-03-17', '1', 11000.00, 7, '在职', '2023125', '员工');
INSERT INTO `employee` VALUES (2023126, '断罪者', '断罪', '断罪者.jpg', '米诺斯', '2000-02-26', '群众', '大专', '未婚', '米诺斯', '145822001', '118534942', '11496@qq.com', '2001-01-29', '1', 14000.00, 6, '在职', '2023126', '员工');
INSERT INTO `employee` VALUES (2023127, '宴', '女', '宴.jpg', '东', '2004-01-06', '群众', '大专', '未婚', '东国', '180382188', '198702704', '10299@qq.com', '2020-03-17', '1', 20000.00, 5, '在职', '2023127', '员工');
INSERT INTO `employee` VALUES (2023128, '慑砂', '男', '慑砂.jpg', '萨尔贡', '1999-07-17', '群众', '本科', '未婚', '萨尔贡', '182186367', '188080347', '11627@qq.com', '2020-03-17', '1', 24000.00, 8, '在职', '2023128', '员工');
INSERT INTO `employee` VALUES (2023129, '傀影', '男', '傀影.jpg', '维多利亚', '2004-06-12', '群众', '博士', '未婚', '维多利亚', '184605764', '160298530', '18252@qq.com', '2020-04-21', '1', 8000.00, 6, '在职', '2023129', '员工');
INSERT INTO `employee` VALUES (2023130, '刻刀', '女', '刻刀.jpg', '哥伦比亚', '2002-10-25', '群众', '大专', '未婚', '哥伦比亚', '181173633', '145814348', '16129@qq.com', '2020-04-21', '1', 17000.00, 0, '在职', '2023130', '员工');
INSERT INTO `employee` VALUES (2023131, '铸铁', '女', '铸铁.jpg', '米诺斯', '2001-07-30', '群众', '本科', '未婚', '米诺斯', '135965166', '104013605', '14905@qq.com', '2020-04-21', '1', 21000.00, 7, '在职', '2023131', '员工');
INSERT INTO `employee` VALUES (2023132, '巫恋', '女', '巫恋.jpg', '叙拉古', '2003-05-29', '群众', '本科', '未婚', '叙拉古', '186917858', '175845900', '15967@qq.com', '2020-04-21', '1', 10000.00, 4, '在职', '2023132', '员工');
INSERT INTO `employee` VALUES (2023133, 'THRM-EX', '男', 'THRM-EX.jpg', '罗德岛', '2002-08-17', '群众', '小学', '未婚', '罗德岛', '164543131', '161334704', '19324@qq.com', '2020-05-01', '1', 3000.00, 4, '在职', '2023133', '员工');
INSERT INTO `employee` VALUES (2023134, '温蒂', '女', '温蒂.jpg', '罗德岛', '1999-10-12', '群众', '博士', '未婚', '伊比利亚', '104561044', '176101307', '11475@qq.com', '2020-05-01', '1', 19000.00, 1, '在职', '2023134', '员工');
INSERT INTO `employee` VALUES (2023135, 'W', '女', 'W.jpg', '巴别塔', '2000-08-27', '群众', '博士', '未婚', '巴别塔', '102413730', '162231255', '10084@qq.com', '2020-05-01', '1', 25000.00, 9, '在职', '2023135', '员工');
INSERT INTO `employee` VALUES (2023136, '极境', '男', '极境.jpg', '罗德岛', '2000-04-14', '群众', '本科', '未婚', '伊比利亚', '187390914', '120842762', '13971@qq.com', '2020-05-01', '1', 9000.00, 5, '在职', '2023136', '员工');
INSERT INTO `employee` VALUES (2023137, '石棉', '女', '石棉.jpg', '雷姆必拓', '1998-09-20', '群众', '本科', '未婚', '雷姆必拓', '108664924', '182545282', '12652@qq.com', '2020-06-02', '1', 21000.00, 1, '在职', '2023137', '员工');
INSERT INTO `employee` VALUES (2023138, '月禾', '女', '月禾.jpg', '东', '2003-03-09', '群众', '本科', '未婚', '东国', '186288745', '165410724', '14094@qq.com', '2020-06-02', '1', 10000.00, 5, '在职', '2023138', '员工');
INSERT INTO `employee` VALUES (2023139, '波登可', '女', '波登可.jpg', '罗德岛、罗德岛（医疗部门）', '2001-12-05', '群众', '大专', '未婚', '罗德岛', '158780747', '128601835', '12936@qq.com', '2020-06-18', '1', 12000.00, 2, '在职', '2023139', '员工');
INSERT INTO `employee` VALUES (2023140, '苦艾', '女', '苦艾.jpg', '乌萨斯', '1999-03-12', '群众', '本科', '未婚', '乌萨斯', '133373073', '127833151', '14490@qq.com', '2020-06-18', '1', 20000.00, 2, '在职', '2023140', '员工');
INSERT INTO `employee` VALUES (2023141, '莱恩哈特', '男', '莱恩哈特.jpg', '雷姆必拓', '1998-03-30', '群众', '本科', '未婚', '雷姆必拓', '127172988', '161169329', '11977@qq.com', '2020-06-18', '1', 30000.00, 5, '在职', '2023141', '员工');
INSERT INTO `employee` VALUES (2023142, '早露', '女', '早露.jpg', '乌萨斯、乌萨斯学生自治团', '2000-03-27', '群众', '博士', '未婚', '乌萨斯', '138448781', '157959606', '10017@qq.com', '2020-06-18', '1', 22000.00, 1, '在职', '2023142', '员工');
INSERT INTO `employee` VALUES (2023143, '亚叶', '女', '亚叶.jpg', '罗德岛、罗德岛（医疗部门）', '1999-04-15', '群众', '本科', '未婚', '罗德岛', '186422978', '100960178', '18575@qq.com', '2020-07-09', '1', 19000.00, 7, '在职', '2023143', '员工');
INSERT INTO `employee` VALUES (2023144, '卡达', '女', '卡达.jpg', '罗德岛', '2004-02-13', '群众', '大专', '未婚', '罗德岛', '107966574', '117297695', '15986@qq.com', '2020-07-09', '1', 18000.00, 2, '在职', '2023144', '员工');
INSERT INTO `employee` VALUES (2023145, '断崖', '男', '断崖.jpg', '雷姆必拓', '2001-12-02', '群众', '本科', '未婚', '雷姆必拓', '141153587', '152385808', '13533@qq.com', '2020-07-09', '1', 17000.00, 2, '在职', '2023145', '员工');
INSERT INTO `employee` VALUES (2023146, '铃兰', '女', '铃兰.jpg', '叙拉古', '2003-09-16', '群众', '博士', '未婚', '叙拉古', '175712040', '192177423', '14329@qq.com', '2020-07-09', '1', 14000.00, 1, '在职', '2023146', '员工');
INSERT INTO `employee` VALUES (2023147, '蜜蜡', '女', '蜜蜡.jpg', '萨尔贡', '2003-02-10', '群众', '本科', '未婚', '萨尔贡', '195969373', '175043048', '19335@qq.com', '2020-07-28', '1', 21000.00, 0, '在职', '2023147', '员工');
INSERT INTO `employee` VALUES (2023148, '贾维', '男', '贾维.jpg', '叙拉古、贾维团伙', '2000-01-29', '群众', '本科', '未婚', '叙拉古', '105683330', '123766677', '13446@qq.com', '2020-07-28', '1', 11000.00, 0, '在职', '2023148', '员工');
INSERT INTO `employee` VALUES (2023149, '稀音', '女', '稀音.jpg', '萨尔贡', '1999-07-09', '群众', '本科', '未婚', '萨尔贡', '163684929', '187705539', '11500@qq.com', '2020-07-28', '1', 9000.00, 2, '在职', '2023149', '员工');
INSERT INTO `employee` VALUES (2023150, '棘刺', '男', '棘刺.jpg', '伊比利亚', '1998-07-17', '群众', '博士', '未婚', '伊比利亚', '164644225', '193235749', '18921@qq.com', '2020-08-11', '1', 18000.00, 2, '在职', '2023150', '员工');
INSERT INTO `employee` VALUES (2023151, '安哲拉', '女', '安哲拉.jpg', '阿戈尔、深海猎人', '2000-10-30', '群众', '本科', '未婚', '阿戈尔', '111506985', '126828064', '13640@qq.com', '2020-08-11', '1', 19000.00, 6, '在职', '2023151', '员工');
INSERT INTO `employee` VALUES (2023152, '孑', '男', '孑.jpg', '炎-龙门', '1998-05-02', '群众', '大专', '未婚', '龙门', '115680014', '189486936', '11510@qq.com', '2020-08-11', '1', 5000.00, 1, '在职', '2023152', '员工');
INSERT INTO `employee` VALUES (2023153, '安赛尔', '男', '安赛尔.jpg', '罗德岛、行动预备组A4', '2002-11-15', '群众', '高中', '未婚', '雷姆必拓', '190031203', '198249588', '15695@qq.com', '2001-01-29', '1', 15000.00, 8, '在职', '2023153', '员工');
INSERT INTO `employee` VALUES (2023154, '森蚺', '女', '森蚺.jpg', '萨尔贡', '2000-11-02', '群众', '博士', '未婚', '萨尔贡', '146583522', '162406873', '11944@qq.com', '2020-08-25', '1', 29000.00, 9, '在职', '2023154', '员工');
INSERT INTO `employee` VALUES (2023155, '燧石', '女', '燧石.jpg', '萨尔贡', '2003-09-19', '群众', '本科', '未婚', '萨尔贡', '153733017', '158058517', '12131@qq.com', '2020-08-25', '1', 8000.00, 0, '在职', '2023155', '员工');
INSERT INTO `employee` VALUES (2023156, '特米米', '女', '特米米.jpg', '萨尔贡', '1998-10-01', '群众', '本科', '未婚', '萨尔贡', '199673033', '122651559', '12113@qq.com', '2020-08-25', '1', 20000.00, 7, '在职', '2023156', '员工');
INSERT INTO `employee` VALUES (2023157, '酸糖', '女', '酸糖.jpg', '哥伦比亚', '2002-10-09', '群众', '大专', '未婚', '哥伦比亚', '140477770', '194323433', '12564@qq.com', '2020-08-25', '1', 14000.00, 6, '在职', '2023157', '员工');
INSERT INTO `employee` VALUES (2023158, '芳汀', '男', '芳汀.jpg', '拉特兰', '1998-06-17', '群众', '大专', '未婚', '拉特兰', '144980567', '132817151', '14922@qq.com', '2020-09-24', '1', 16000.00, 9, '在职', '2023158', '员工');
INSERT INTO `employee` VALUES (2023159, '薄绿', '女', '薄绿.jpg', '维多利亚', '2004-09-14', '群众', '本科', '未婚', '维多利亚', '199017484', '174731464', '18948@qq.com', '2020-09-24', '1', 23000.00, 5, '在职', '2023159', '员工');
INSERT INTO `employee` VALUES (2023160, '四月', '女', '四月.jpg', '雷姆必拓', '1998-10-18', '群众', '本科', '未婚', '雷姆必拓', '176026388', '161050941', '10280@qq.com', '2020-09-24', '1', 11000.00, 0, '在职', '2023160', '员工');
INSERT INTO `employee` VALUES (2023161, '史尔特尔', '女', '史尔特尔.jpg', '罗德岛', '2002-12-15', '群众', '博士', '未婚', '罗德岛', '151411744', '103150774', '11394@qq.com', '2020-09-24', '1', 19000.00, 1, '在职', '2023161', '员工');
INSERT INTO `employee` VALUES (2023162, '泡泡', '女', '泡泡.jpg', '萨尔贡', '2004-03-12', '群众', '大专', '未婚', '萨尔贡', '165314667', '179462819', '15156@qq.com', '2020-10-15', '1', 17000.00, 8, '在职', '2023162', '员工');
INSERT INTO `employee` VALUES (2023163, '鞭刃', '女', '鞭刃.jpg', '卡西米尔', '2001-11-14', '群众', '本科', '未婚', '卡西米尔', '124395763', '106284713', '12102@qq.com', '2020-10-15', '1', 16000.00, 4, '在职', '2023163', '员工');
INSERT INTO `employee` VALUES (2023164, '奥斯塔', '男', '奥斯塔.jpg', '叙拉古、贾维团伙', '2004-02-01', '群众', '本科', '未婚', '叙拉古', '131680860', '183586738', '19222@qq.com', '2020-10-15', '1', 28000.00, 0, '在职', '2023164', '员工');
INSERT INTO `employee` VALUES (2023165, '瑕光', '女', '瑕光.jpg', '卡西米尔', '2003-01-23', '群众', '博士', '未婚', '卡西米尔', '198458786', '110307109', '13263@qq.com', '2020-10-15', '1', 18000.00, 3, '在职', '2023165', '员工');
INSERT INTO `employee` VALUES (2023166, '迷迭香', '女', '迷迭香.jpg', '罗德岛、罗德岛-精英干员', '2001-03-16', '群众', '博士', '未婚', '罗德岛', '102865802', '109686657', '17039@qq.com', '2020-11-01', '1', 0.00, 0, '在职', '2023166', '员工');
INSERT INTO `employee` VALUES (2023167, '杰克', '女', '杰克.jpg', '哥伦比亚', '1999-07-10', '群众', '大专', '未婚', '哥伦比亚', '187306607', '194319485', '17455@qq.com', '2020-11-01', '1', 7000.00, 8, '在职', '2023167', '员工');
INSERT INTO `employee` VALUES (2023168, '絮雨', '女', '絮雨.jpg', '伊比利亚', '2001-08-20', '群众', '本科', '未婚', '伊比利亚', '112917200', '100229960', '15856@qq.com', '2020-11-01', '1', 18000.00, 4, '在职', '2023168', '员工');
INSERT INTO `employee` VALUES (2023169, '泥岩', '女', '泥岩.jpg', '罗德岛', '2003-02-12', '群众', '博士', '未婚', '罗德岛', '160505543', '119370519', '10068@qq.com', '2020-11-01', '1', 32000.00, 5, '在职', '2023169', '员工');
INSERT INTO `employee` VALUES (2023170, '阿米娅（近卫）', '', '阿米娅（近卫）.jpg', '罗德岛', '2002-09-30', '群众', '本科', '未婚', '罗德岛', '186015506', '166453926', '10470@qq.com', '2019-04-28', '1', 0.00, 8, '在职', '2023170', '员工');
INSERT INTO `employee` VALUES (2023171, '山', '男', '山.jpg', '哥伦比亚', '2002-03-23', '群众', '博士', '未婚', '哥伦比亚', '190270615', '100578614', '17476@qq.com', '2020-12-17', '1', 9000.00, 3, '在职', '2023171', '员工');
INSERT INTO `employee` VALUES (2023172, '罗宾', '女', '罗宾.jpg', '哥伦比亚', '1999-05-10', '群众', '本科', '未婚', '哥伦比亚', '133928002', '107545876', '16356@qq.com', '2020-12-17', '1', 11000.00, 0, '在职', '2023172', '员工');
INSERT INTO `employee` VALUES (2023173, '卡夫卡', '女', '卡夫卡.jpg', '哥伦比亚', '2000-06-01', '群众', '本科', '未婚', '哥伦比亚', '107410566', '198297413', '15558@qq.com', '2020-12-17', '1', 7000.00, 2, '在职', '2023173', '员工');
INSERT INTO `employee` VALUES (2023174, '松果', '女', '松果.jpg', '哥伦比亚', '2001-12-22', '群众', '大专', '未婚', '哥伦比亚', '167525976', '129946570', '13402@qq.com', '2020-12-17', '1', 27000.00, 6, '在职', '2023174', '员工');
INSERT INTO `employee` VALUES (2023175, '豆苗', '女', '豆苗.jpg', '哥伦比亚', '1999-08-27', '群众', '大专', '未婚', '哥伦比亚', '178057257', '198887095', '14779@qq.com', '2021-01-05', '1', 11000.00, 7, '在职', '2023175', '员工');
INSERT INTO `employee` VALUES (2023176, '爱丽丝', '女', '爱丽丝.jpg', '维多利亚', '2001-10-05', '群众', '本科', '未婚', '维多利亚', '188072992', '154895162', '14300@qq.com', '2021-01-05', '1', 22000.00, 3, '在职', '2023176', '员工');
INSERT INTO `employee` VALUES (2023177, '空弦', '女', '空弦.jpg', '拉特兰', '2004-02-28', '群众', '博士', '未婚', '拉特兰', '173407728', '169527728', '13865@qq.com', '2021-01-05', '1', 12000.00, 6, '在职', '2023177', '员工');
INSERT INTO `employee` VALUES (2023178, '图耶', '女', '图耶.jpg', '萨尔贡', '2000-07-23', '群众', '本科', '未婚', '萨尔贡', '165493591', '196671427', '16499@qq.com', '2021-01-19', '1', 19000.00, 5, '在职', '2023178', '员工');
INSERT INTO `employee` VALUES (2023179, '炎狱炎熔', '女', '炎狱炎熔.jpg', '罗德岛', '2002-07-26', '群众', '本科', '未婚', '罗德岛', '121328691', '117022822', '19117@qq.com', '2021-02-05', '1', 32000.00, 6, '在职', '2023179', '员工');
INSERT INTO `employee` VALUES (2023180, '乌有', '男', '乌有.jpg', '炎', '2003-01-06', '群众', '本科', '未婚', '炎国', '144755119', '170631291', '19920@qq.com', '2021-02-05', '1', 6000.00, 8, '在职', '2023180', '员工');
INSERT INTO `employee` VALUES (2023181, '嵯峨', '女', '嵯峨.jpg', '东', '2000-01-18', '群众', '博士', '未婚', '东国', '159650085', '123527321', '16229@qq.com', '2021-02-05', '1', 12000.00, 7, '在职', '2023181', '员工');
INSERT INTO `employee` VALUES (2023182, '夕', '女', '夕.jpg', '炎、炎-岁', '2001-12-17', '群众', '博士', '未婚', '炎国', '135537069', '194525981', '10332@qq.com', '2021-02-05', '1', 31000.00, 2, '在职', '2023182', '员工');
INSERT INTO `employee` VALUES (2023183, '灰烬', '女', '灰烬.jpg', '彩虹小队', '2001-05-26', '群众', '博士', '未婚', '彩虹小队', '157493926', '177089533', '10185@qq.com', '2021-03-09', '1', 12000.00, 6, '在职', '2023183', '员工');
INSERT INTO `employee` VALUES (2023184, '霜华', '女', '霜华.jpg', '彩虹小队', '1999-08-15', '群众', '本科', '未婚', '彩虹小队', '156247175', '197451074', '14814@qq.com', '2021-03-09', '1', 9000.00, 4, '在职', '2023184', '员工');
INSERT INTO `employee` VALUES (2023185, '闪击', '男', '闪击.jpg', '彩虹小队', '1999-05-05', '群众', '本科', '未婚', '彩虹小队', '187338436', '111057561', '17100@qq.com', '2021-03-09', '1', 18000.00, 4, '在职', '2023185', '员工');
INSERT INTO `employee` VALUES (2023186, '战车', '男', '战车.jpg', '彩虹小队', '2000-06-01', '群众', '本科', '未婚', '彩虹小队', '187663294', '129904340', '16937@qq.com', '2021-03-09', '1', 20000.00, 2, '在职', '2023186', '员工');
INSERT INTO `employee` VALUES (2023187, '异客', '男', '异客.jpg', '萨尔贡', '1999-11-24', '群众', '博士', '未婚', '萨尔贡', '179062307', '123617595', '12651@qq.com', '2021-04-15', '1', 30000.00, 7, '在职', '2023187', '员工');
INSERT INTO `employee` VALUES (2023188, '暴雨', '女', '暴雨.jpg', '罗德岛', '2002-08-28', '群众', '本科', '未婚', '萨尔贡', '142214912', '115892909', '17547@qq.com', '2021-04-15', '1', 20000.00, 7, '在职', '2023188', '员工');
INSERT INTO `employee` VALUES (2023189, '熔泉', '女', '熔泉.jpg', '维多利亚', '2004-03-26', '群众', '本科', '未婚', '维多利亚', '152134469', '180248294', '15329@qq.com', '2021-04-15', '1', 21000.00, 3, '在职', '2023189', '员工');
INSERT INTO `employee` VALUES (2023190, '凯尔希', '女', '凯尔希.jpg', '罗德岛、罗德岛（医疗部门）', '2004-02-06', '群众', '博士', '未婚', '罗德岛', '140976919', '109671177', '17801@qq.com', '2021-05-01', '1', 18000.00, 4, '在职', '2023190', '员工');
INSERT INTO `employee` VALUES (2023191, '歌蕾蒂娅', '女', '歌蕾蒂娅.jpg', '阿戈尔、深海猎人', '2002-01-28', '群众', '博士', '未婚', '阿戈尔', '118202355', '105434540', '15976@qq.com', '2021-05-01', '1', 14000.00, 3, '在职', '2023191', '员工');
INSERT INTO `employee` VALUES (2023192, '浊心斯卡蒂', '女', '浊心斯卡蒂.jpg', '阿戈尔', '2003-07-17', '群众', '博士', '未婚', '阿戈尔', '172998138', '193184398', '12227@qq.com', '2021-05-01', '1', 6000.00, 8, '在职', '2023192', '员工');
INSERT INTO `employee` VALUES (2023193, '赤冬', '女', '赤冬.jpg', '东', '2002-02-28', '群众', '本科', '未婚', '东国', '147277272', '160206345', '16050@qq.com', '2021-04-26', '1', 21000.00, 1, '在职', '2023193', '员工');
INSERT INTO `employee` VALUES (2023194, '卡涅利安', '女', '卡涅利安.jpg', '莱塔尼亚', '2003-10-27', '群众', '博士', '未婚', '莱塔尼亚', '185615654', '149695441', '16933@qq.com', '2021-06-01', '1', 22000.00, 2, '在职', '2023194', '员工');
INSERT INTO `employee` VALUES (2023195, '绮良', '女', '绮良.jpg', '东', '2002-09-16', '群众', '本科', '未婚', '东国', '103568887', '102563636', '14512@qq.com', '2021-06-01', '1', 18000.00, 7, '在职', '2023195', '员工');
INSERT INTO `employee` VALUES (2023196, '深靛', '女', '深靛.jpg', '伊比利亚', '2002-09-28', '群众', '大专', '未婚', '伊比利亚', '180214631', '116663478', '18085@qq.com', '2021-06-01', '1', 21000.00, 6, '在职', '2023196', '员工');
INSERT INTO `employee` VALUES (2023197, '贝娜', '女', '贝娜.jpg', '维多利亚', '2001-01-29', '群众', '本科', '未婚', '维多利亚', '178549819', '174588237', '15299@qq.com', '2021-06-01', '1', 15000.00, 6, '在职', '2023197', '员工');
INSERT INTO `employee` VALUES (2023198, '帕拉斯', '女', '帕拉斯.jpg', '米诺斯', '2002-06-30', '群众', '博士', '未婚', '米诺斯', '136756760', '152085096', '17074@qq.com', '2021-07-02', '1', 15000.00, 4, '在职', '2023198', '员工');
INSERT INTO `employee` VALUES (2023199, '龙舌兰', '男', '龙舌兰.jpg', '玻利瓦尔', '2000-07-21', '群众', '本科', '未婚', '玻利瓦尔', '110724142', '179368945', '13763@qq.com', '2021-08-03', '1', 11000.00, 4, '在职', '2023199', '员工');
INSERT INTO `employee` VALUES (2023200, '羽毛笔', '女', '羽毛笔.jpg', '玻利瓦尔', '1999-02-05', '群众', '本科', '未婚', '玻利瓦尔', '155822762', '147417181', '18401@qq.com', '2021-08-03', '1', 19000.00, 2, '在职', '2023200', '员工');
INSERT INTO `employee` VALUES (2023201, '假日威龙陈', '女', '假日威龙陈.jpg', '罗德岛', '2001-09-07', '群众', '博士', '未婚', '罗德岛', '164104197', '123702065', '10775@qq.com', '2021-08-03', '1', 29000.00, 6, '在职', '2023201', '员工');
INSERT INTO `employee` VALUES (2023202, '水月', '男', '水月.jpg', '东', '2000-03-12', '群众', '博士', '未婚', '东国', '173555710', '157589454', '12364@qq.com', '2021-08-03', '1', 19000.00, 3, '在职', '2023202', '员工');
INSERT INTO `employee` VALUES (2023203, '琴柳', '女', '琴柳.jpg', '维多利亚', '1999-04-17', '群众', '博士', '未婚', '维多利亚', '174068344', '172059784', '19280@qq.com', '2021-09-17', '1', 10000.00, 9, '在职', '2023203', '员工');
INSERT INTO `employee` VALUES (2023204, '桑葚', '女', '桑葚.jpg', '炎', '2004-02-24', '群众', '本科', '未婚', '炎国', '199419902', '140116947', '10497@qq.com', '2021-09-17', '1', 13000.00, 1, '在职', '2023204', '员工');
INSERT INTO `employee` VALUES (2023205, '罗比菈塔', '女', '罗比菈塔.jpg', '哥伦比亚', '2003-03-19', '群众', '大专', '未婚', '哥伦比亚', '135830171', '188642617', '12278@qq.com', '2021-09-17', '1', 13000.00, 9, '在职', '2023205', '员工');
INSERT INTO `employee` VALUES (2023206, '远牙', '女', '远牙.jpg', '卡西米尔、红松骑士团', '1999-05-28', '群众', '博士', '未婚', '卡西米尔', '158865452', '122262988', '12649@qq.com', '2021-10-15', '1', 22000.00, 7, '在职', '2023206', '员工');
INSERT INTO `employee` VALUES (2023207, '灰毫', '女', '灰毫.jpg', '卡西米尔、红松骑士团', '2004-10-27', '群众', '本科', '未婚', '卡西米尔', '156051758', '145621409', '17252@qq.com', '2021-10-15', '1', 23000.00, 2, '在职', '2023207', '员工');
INSERT INTO `employee` VALUES (2023208, '蚀清', '男', '蚀清.jpg', '哥伦比亚', '2002-02-04', '群众', '本科', '未婚', '哥伦比亚', '119164052', '160678075', '10027@qq.com', '2021-11-01', '1', 30000.00, 4, '在职', '2023208', '员工');
INSERT INTO `employee` VALUES (2023209, '野鬃', '女', '野鬃.jpg', '卡西米尔、红松骑士团', '1998-08-18', '群众', '本科', '未婚', '卡西米尔', '145618430', '188752584', '13572@qq.com', '2021-11-01', '1', 12000.00, 3, '在职', '2023209', '员工');
INSERT INTO `employee` VALUES (2023210, '耀骑士临光', '女', '耀骑士临光.jpg', '卡西米尔', '2002-09-03', '群众', '博士', '未婚', '卡西米尔', '121850439', '135537428', '11708@qq.com', '2021-11-01', '1', 17000.00, 8, '在职', '2023210', '员工');
INSERT INTO `employee` VALUES (2023211, '焰尾', '女', '焰尾.jpg', '卡西米尔、红松骑士团', '2000-08-21', '群众', '博士', '未婚', '卡西米尔', '146713238', '197592583', '11322@qq.com', '2021-11-01', '1', 12000.00, 1, '在职', '2023211', '员工');
INSERT INTO `employee` VALUES (2023212, '布丁', '女', '布丁.jpg', '哥伦比亚', '2004-09-28', '群众', '大专', '未婚', '哥伦比亚', '100642356', '106117407', '14028@qq.com', '2021-11-01', '1', 28000.00, 2, '在职', '2023212', '员工');
INSERT INTO `employee` VALUES (2023213, '正义骑士号', '女', '正义骑士号.jpg', '卡西米尔、红松骑士团', '2001-10-31', '群众', '小学', '未婚', '卡西米尔', '112440369', '158280946', '12171@qq.com', '2021-11-01', '1', 3000.00, 1, '在职', '2023213', '员工');
INSERT INTO `employee` VALUES (2023214, '蜜莓', '女', '蜜莓.jpg', '雷姆必拓', '2001-02-08', '群众', '本科', '未婚', '雷姆必拓', '152522391', '191422779', '14761@qq.com', '2021-11-01', '1', 13000.00, 3, '在职', '2023214', '员工');
INSERT INTO `employee` VALUES (2023215, '耶拉', '女', '耶拉.jpg', '谢拉格、喀兰贸易', '2003-04-05', '群众', '本科', '未婚', '谢拉格', '142521337', '160652787', '19265@qq.com', '2021-12-21', '1', 21000.00, 8, '在职', '2023215', '员工');
INSERT INTO `employee` VALUES (2023216, '极光', '女', '极光.jpg', '谢拉格、喀兰贸易', '2001-02-13', '群众', '本科', '未婚', '谢拉格', '161243592', '161517222', '18035@qq.com', '2021-12-21', '1', 28000.00, 3, '在职', '2023216', '员工');
INSERT INTO `employee` VALUES (2023217, '灵知', '男', '灵知.jpg', '谢拉格、喀兰贸易', '2004-05-05', '群众', '博士', '未婚', '谢拉格', '159637390', '122251889', '11905@qq.com', '2021-12-21', '1', 11000.00, 0, '在职', '2023217', '员工');
INSERT INTO `employee` VALUES (2023218, '暮落', '男', '暮落.jpg', '维多利亚', '2002-08-02', '群众', '本科', '未婚', '维多利亚', '132436627', '126180879', '13415@qq.com', '2022-01-05', '1', 21000.00, 7, '在职', '2023218', '员工');
INSERT INTO `employee` VALUES (2023219, '九色鹿', '女', '九色鹿.jpg', '炎', '2002-06-17', '群众', '本科', '未婚', '炎国', '168824258', '114449027', '11121@qq.com', '2022-01-10', '1', 9000.00, 4, '在职', '2023219', '员工');
INSERT INTO `employee` VALUES (2023220, '寒芒克洛丝', '女', '寒芒克洛丝.jpg', '罗德岛', '1998-03-20', '群众', '本科', '未婚', '未公开', '163352988', '152662791', '10851@qq.com', '2022-01-25', '1', 13000.00, 6, '在职', '2023220', '员工');
INSERT INTO `employee` VALUES (2023221, '夜半', '女', '夜半.jpg', '雷姆必拓', '2004-03-30', '群众', '本科', '未婚', '雷姆必拓', '113240952', '102681425', '11163@qq.com', '2022-01-25', '1', 12000.00, 2, '在职', '2023221', '员工');
INSERT INTO `employee` VALUES (2023222, '老鲤', '男', '老鲤.jpg', '炎-龙门、鲤氏侦探事务所', '2000-05-13', '群众', '博士', '未婚', '炎国', '170515325', '126852697', '12678@qq.com', '2022-01-25', '1', 7000.00, 1, '在职', '2023222', '员工');
INSERT INTO `employee` VALUES (2023223, '令', '女', '令.jpg', '炎、炎-岁', '1998-10-22', '群众', '博士', '未婚', '未公开', '114855005', '148213948', '14018@qq.com', '2022-01-25', '1', 10000.00, 2, '在职', '2023223', '员工');
INSERT INTO `employee` VALUES (2023224, '夏栎', '女', '夏栎.jpg', '罗德岛', '2003-11-06', '群众', '本科', '未婚', '罗德岛', '197212925', '159457585', '13311@qq.com', '2022-02-15', '1', 10000.00, 8, '在职', '2023224', '员工');
INSERT INTO `employee` VALUES (2023225, '澄闪', '女', '澄闪.jpg', '维多利亚', '1998-09-20', '群众', '博士', '未婚', '维多利亚', '130605807', '124802531', '17511@qq.com', '2022-02-15', '1', 20000.00, 1, '在职', '2023225', '员工');
INSERT INTO `employee` VALUES (2023226, '见行者', '男', '见行者.jpg', '拉特兰', '2001-12-23', '群众', '本科', '未婚', '拉特兰', '100869646', '163277099', '11275@qq.com', '2022-03-15', '1', 20000.00, 6, '在职', '2023226', '员工');
INSERT INTO `employee` VALUES (2023227, '风丸', '女', '风丸.jpg', '东', '2002-04-14', '群众', '本科', '未婚', '东国', '191572031', '185451154', '11804@qq.com', '2022-03-15', '1', 13000.00, 6, '在职', '2023227', '员工');
INSERT INTO `employee` VALUES (2023228, '菲亚梅塔', '女', '菲亚梅塔.jpg', '拉特兰', '2003-01-26', '群众', '博士', '未婚', '拉特兰', '144301930', '158675800', '11142@qq.com', '2022-03-15', '1', 25000.00, 4, '在职', '2023228', '员工');
INSERT INTO `employee` VALUES (2023229, '号角', '女', '号角.jpg', '维多利亚', '2002-09-08', '群众', '博士', '未婚', '维多利亚', '177421017', '142438934', '18595@qq.com', '2022-04-14', '1', 24000.00, 1, '在职', '2023229', '员工');
INSERT INTO `employee` VALUES (2023230, '洛洛', '女', '洛洛.jpg', '维多利亚', '2003-05-04', '群众', '本科', '未婚', '维多利亚', '147701044', '127742827', '11614@qq.com', '2022-04-14', '1', 19000.00, 9, '在职', '2023230', '员工');
INSERT INTO `employee` VALUES (2023231, '褐果', '男', '褐果.jpg', '罗德岛', '2004-07-31', '群众', '大专', '未婚', '罗德岛', '190958374', '166754714', '16326@qq.com', '2022-04-14', '1', 12000.00, 8, '在职', '2023231', '员工');
INSERT INTO `employee` VALUES (2023232, '海蒂', '女', '海蒂.jpg', '维多利亚', '2003-02-24', '群众', '本科', '未婚', '维多利亚', '113718230', '190441469', '12228@qq.com', '2022-04-14', '1', 7000.00, 3, '在职', '2023232', '员工');
INSERT INTO `employee` VALUES (2023233, '归溟幽灵鲨', '女', '归溟幽灵鲨.jpg', '阿戈尔、深海猎人', '1999-03-02', '群众', '博士', '未婚', '阿戈尔', '169568685', '165087330', '18485@qq.com', '2022-05-01', '1', 14000.00, 8, '在职', '2023233', '员工');
INSERT INTO `employee` VALUES (2023234, '掠风', '男', '掠风.jpg', '哥伦比亚', '1999-06-03', '群众', '本科', '未婚', '哥伦比亚', '104195196', '136390477', '12970@qq.com', '2022-05-01', '1', 14000.00, 9, '在职', '2023234', '员工');
INSERT INTO `employee` VALUES (2023235, '艾丽妮', '女', '艾丽妮.jpg', '伊比利亚', '2004-06-26', '群众', '博士', '未婚', '伊比利亚', '185686212', '171911188', '16192@qq.com', '2022-05-01', '1', 19000.00, 7, '在职', '2023235', '员工');
INSERT INTO `employee` VALUES (2023236, '流明', '男', '流明.jpg', '伊比利亚', '2000-05-31', '群众', '博士', '未婚', '伊比利亚', '126592719', '126077938', '17844@qq.com', '2022-05-01', '1', 21000.00, 2, '在职', '2023236', '员工');
INSERT INTO `employee` VALUES (2023237, '埃拉托', '女', '埃拉托.jpg', '米诺斯', '2003-08-16', '群众', '本科', '未婚', '米诺斯', '120053168', '101999990', '16425@qq.com', '2022-05-19', '1', 21000.00, 2, '在职', '2023237', '员工');
INSERT INTO `employee` VALUES (2023238, '黑键', '男', '黑键.jpg', '莱塔尼亚', '2004-09-04', '群众', '博士', '未婚', '莱塔尼亚', '159593732', '188562293', '17479@qq.com', '2022-06-09', '1', 23000.00, 1, '在职', '2023238', '员工');
INSERT INTO `employee` VALUES (2023239, '濯尘芙蓉', '女', '濯尘芙蓉.jpg', '罗德岛', '2003-01-17', '群众', '本科', '未婚', '未公开', '149591915', '167174232', '12132@qq.com', '2022-06-09', '1', 15000.00, 4, '在职', '2023239', '员工');
INSERT INTO `employee` VALUES (2023240, '车尔尼', '男', '车尔尼.jpg', '莱塔尼亚', '1999-03-20', '群众', '本科', '未婚', '莱塔尼亚', '141764560', '187653335', '17260@qq.com', '2022-06-09', '1', 23000.00, 7, '在职', '2023240', '员工');
INSERT INTO `employee` VALUES (2023241, '多萝西', '女', '多萝西.jpg', '莱茵生命、哥伦比亚', '2000-10-08', '群众', '博士', '未婚', '莱茵生命', '194571800', '137900432', '19606@qq.com', '2022-07-05', '1', 10000.00, 2, '在职', '2023241', '员工');
INSERT INTO `employee` VALUES (2023242, '承曦格雷伊', '男', '承曦格雷伊.jpg', '罗德岛', '2000-05-10', '群众', '本科', '未婚', '罗德岛', '129957629', '168575904', '18187@qq.com', '2022-07-05', '1', 22000.00, 8, '在职', '2023242', '员工');
INSERT INTO `employee` VALUES (2023243, '星源', '女', '星源.jpg', '莱茵生命、哥伦比亚', '2000-11-14', '群众', '本科', '未婚', '莱茵生命', '172684427', '123012769', '16129@qq.com', '2022-07-05', '1', 31000.00, 3, '在职', '2023243', '员工');
INSERT INTO `employee` VALUES (2023244, '百炼嘉维尔', '女', '百炼嘉维尔.jpg', '罗德岛', '2002-11-15', '群众', '博士', '未婚', '罗德岛', '166384870', '155320894', '18502@qq.com', '2022-08-11', '1', 20000.00, 1, '在职', '2023244', '员工');
INSERT INTO `employee` VALUES (2023245, '鸿雪', '女', '鸿雪.jpg', '罗德岛', '2000-06-24', '群众', '博士', '未婚', '罗德岛', '194538684', '100216445', '10331@qq.com', '2022-08-11', '1', 16000.00, 1, '在职', '2023245', '员工');
INSERT INTO `employee` VALUES (2023246, '至简', '男', '至简.jpg', '萨尔贡', '2002-06-27', '群众', '本科', '未婚', '萨尔贡', '188200976', '178577439', '12218@qq.com', '2022-08-11', '1', 21000.00, 3, '在职', '2023246', '员工');
INSERT INTO `employee` VALUES (2023247, '晓歌', '女', '晓歌.jpg', '罗德岛', '2003-05-12', '群众', '本科', '未婚', '罗德岛', '181815714', '156555986', '19571@qq.com', '2022-08-11', '1', 8000.00, 0, '在职', '2023247', '员工');
INSERT INTO `employee` VALUES (2023248, '玛恩纳', '男', '玛恩纳.jpg', '卡西米尔', '2001-04-14', '群众', '博士', '未婚', '卡西米尔', '111736823', '121441100', '18037@qq.com', '2022-09-08', '1', 10000.00, 8, '在职', '2023248', '员工');
INSERT INTO `employee` VALUES (2023249, '但书', '女', '但书.jpg', '卡西米尔', '2001-11-03', '群众', '本科', '未婚', '卡西米尔', '106335761', '123265028', '18055@qq.com', '2022-09-08', '1', 13000.00, 7, '在职', '2023249', '员工');
INSERT INTO `employee` VALUES (2023250, '罗小黑', '男', '罗小黑.jpg', '炎', '2001-12-03', '群众', '大专', '未婚', '未知', '174149487', '175263531', '13883@qq.com', '2022-09-15', '1', 15000.00, 2, '在职', '2023250', '员工');
INSERT INTO `employee` VALUES (2023251, '海沫', '女', '海沫.jpg', '伊比利亚', '1998-07-31', '群众', '本科', '未婚', '伊比利亚', '172169649', '176537069', '15173@qq.com', '2022-09-27', '1', 19000.00, 8, '在职', '2023251', '员工');
INSERT INTO `employee` VALUES (2023252, '铅踝', '男', '铅踝.jpg', '萨尔贡', '2001-11-21', '群众', '大专', '未婚', '萨尔贡', '164108076', '130342905', '17784@qq.com', '2022-10-11', '1', 20000.00, 6, '在职', '2023252', '员工');
INSERT INTO `employee` VALUES (2023253, '白铁', '男', '白铁.jpg', '维多利亚', '2004-04-09', '群众', '博士', '未婚', '维多利亚', '147500977', '182896158', '16996@qq.com', '2022-10-11', '1', 15000.00, 4, '在职', '2023253', '员工');
INSERT INTO `employee` VALUES (2023254, '达格达', '女', '达格达.jpg', '维多利亚、格拉斯哥帮', '1999-07-29', '群众', '本科', '未婚', '维多利亚', '160082931', '194675309', '13493@qq.com', '2022-10-11', '1', 10000.00, 7, '在职', '2023254', '员工');
INSERT INTO `employee` VALUES (2023255, '明椒', '女', '明椒.jpg', '罗德岛', '2003-06-18', '群众', '本科', '未婚', '哥伦比亚', '117881060', '159255725', '14181@qq.com', '2022-10-11', '1', 16000.00, 3, '在职', '2023255', '员工');
INSERT INTO `employee` VALUES (2023256, '缄默德克萨斯', '女', '缄默德克萨斯.jpg', '龙门、企鹅物流', '1998-11-05', '群众', '博士', '未婚', '龙门', '139827566', '193526680', '11580@qq.com', '2022-11-01', '1', 8000.00, 9, '在职', '2023256', '员工');
INSERT INTO `employee` VALUES (2023257, '斥罪', '女', '斥罪.jpg', '叙拉古', '2004-06-25', '群众', '博士', '未婚', '叙拉古', '110034830', '127841812', '17558@qq.com', '2022-11-01', '1', 32000.00, 3, '在职', '2023257', '员工');
INSERT INTO `employee` VALUES (2023258, '雪绒', '男', '雪绒.jpg', '萨米', '1998-03-01', '群众', '本科', '未婚', '萨米', '104792153', '152071204', '10067@qq.com', '2022-11-01', '1', 18000.00, 7, '在职', '2023258', '员工');
INSERT INTO `employee` VALUES (2023259, '伺夜', '男', '伺夜.jpg', '叙拉古', '2000-10-28', '群众', '博士', '未婚', '叙拉古', '141220683', '149008808', '10781@qq.com', '2022-11-01', '1', 15000.00, 3, '在职', '2023259', '员工');
INSERT INTO `employee` VALUES (2023260, '石英', '女', '石英.jpg', '哥伦比亚', '2004-03-28', '群众', '大专', '未婚', '哥伦比亚', '140352849', '108989267', '19017@qq.com', '2022-11-01', '1', 18000.00, 7, '在职', '2023260', '员工');
INSERT INTO `employee` VALUES (2023261, '子月', '女', '子月.jpg', '叙拉古', '2001-06-07', '群众', '本科', '未婚', '叙拉古', '192974473', '152625530', '12619@qq.com', '2022-11-01', '1', 19000.00, 6, '在职', '2023261', '员工');
INSERT INTO `employee` VALUES (2023262, '谜图', '男', '谜图.jpg', '维多利亚', '2002-04-29', '群众', '本科', '未婚', '维多利亚', '184165386', '191318407', '19525@qq.com', '2022-12-05', '1', 12000.00, 1, '在职', '2023262', '员工');
INSERT INTO `employee` VALUES (2023263, '和弦', '女', '和弦.jpg', '维多利亚、深池', '2003-06-05', '群众', '本科', '未婚', '维多利亚', '149830530', '151682145', '14276@qq.com', '2022-12-15', '1', 22000.00, 4, '在职', '2023263', '员工');
INSERT INTO `employee` VALUES (2023264, '焰影苇草', '女', '焰影苇草.jpg', '维多利亚、深池', '1998-09-12', '群众', '博士', '未婚', '维多利亚', '145627791', '128722251', '10791@qq.com', '2022-12-15', '1', 15000.00, 6, '在职', '2023264', '员工');
INSERT INTO `employee` VALUES (2023265, '重岳', '男', '重岳.jpg', '炎、炎-岁', '2001-12-29', '群众', '博士', '未婚', '未公开', '159496990', '137487152', '15730@qq.com', '2023-01-17', '1', 9000.00, 7, '在职', '2023265', '员工');
INSERT INTO `employee` VALUES (2023266, '截云', '女', '截云.jpg', '炎', '2000-04-07', '群众', '本科', '未婚', '炎国', '131653792', '186629155', '13297@qq.com', '2023-01-17', '1', 26000.00, 1, '在职', '2023266', '员工');
INSERT INTO `employee` VALUES (2023267, '林', '女', '林.jpg', '炎、炎-龙门', '1998-08-02', '群众', '博士', '未婚', '炎国', '104011753', '198695167', '19015@qq.com', '2023-01-17', '1', 22000.00, 1, '在职', '2023267', '员工');
INSERT INTO `employee` VALUES (2023268, '火哨', '女', '火哨.jpg', '雷姆必拓', '1998-12-31', '群众', '本科', '未婚', '雷姆必拓', '190367388', '113316835', '11729@qq.com', '2023-01-17', '1', 23000.00, 1, '在职', '2023268', '员工');
INSERT INTO `employee` VALUES (2023269, '铎铃', '女', '铎铃.jpg', '炎', '1999-07-13', '群众', '本科', '未婚', '炎国', '185168812', '125987596', '12526@qq.com', '2023-02-14', '1', 19000.00, 4, '在职', '2023269', '员工');
INSERT INTO `employee` VALUES (2023270, '仇白', '女', '仇白.jpg', '炎', '2001-07-20', '群众', '博士', '未婚', '炎国', '154810982', '111467759', '19058@qq.com', '2023-02-14', '1', 18000.00, 9, '在职', '2023270', '员工');
INSERT INTO `employee` VALUES (2023271, '麒麟X夜刀', '女', '麒麟X夜刀.jpg', '罗德岛、行动组A4', '1998-05-04', '群众', '博士', '未婚', '东国', '156678880', '108881009', '11272@qq.com', '2023-03-07', '1', 8000.00, 6, '在职', '2023271', '员工');
INSERT INTO `employee` VALUES (2023272, '火龙S黑角', '男', '火龙S黑角.jpg', '罗德岛、行动组A4', '2004-06-21', '群众', '本科', '未婚', '东国', '143646241', '146108337', '12777@qq.com', '2023-03-07', '1', 21000.00, 5, '在职', '2023272', '员工');
INSERT INTO `employee` VALUES (2023273, '泰拉大陆调查团', '未知', '泰拉大陆调查团.jpg', '罗德岛', '2004-11-17', '群众', '小学', '未婚', '未知', '188701134', '197800352', '12402@qq.com', '2023-03-07', '1', 3000.00, 3, '在职', '2023273', '员工');
INSERT INTO `employee` VALUES (2023274, 'U-Official', '女', 'U-Official.jpg', '罗德岛', '2003-12-21', '群众', '小学', '未婚', '未公开', '161353204', '138953036', '10219@qq.com', '2023-04-01', '1', 3000.00, 1, '在职', '2023274', '员工');
INSERT INTO `employee` VALUES (2023275, '摩根', '女', '摩根.jpg', '维多利亚、格拉斯帮', '2000-07-29', '群众', '本科', '未婚', '维多利亚、格拉斯帮', '194528064', '152603634', '13883@qq.com', '2023-04-06', '1', 18000.00, 2, '在职', '2023275', '员工');
INSERT INTO `employee` VALUES (2023276, '休谟斯', '男', '休谟斯.jpg', '罗德岛', '2001-01-29', '群众', '大专', '未婚', '罗德岛', '131023615', '198876233', '10464@qq.com', '2023-04-06', '1', 18000.00, 0, '在职', '2023276', '员工');
INSERT INTO `employee` VALUES (2023277, '伊内丝', '女', '伊内丝.jpg', '罗德岛', '1998-08-26', '群众', '博士', '未婚', '罗德岛', '187039061', '168915262', '11800@qq.com', '2023-04-06', '1', 9000.00, 1, '在职', '2023277', '员工');
INSERT INTO `employee` VALUES (2023278, '洋灰', '女', '洋灰.jpg', '雷姆必拓', '1998-09-26', '群众', '本科', '未婚', '雷姆必拓', '181326490', '166252434', '18466@qq.com', '2023-04-06', '1', 28000.00, 3, '在职', '2023278', '员工');
INSERT INTO `employee` VALUES (2023279, '缪尔赛思', '女', '缪尔赛思.jpg', '哥伦比亚、莱茵生命', '1998-02-12', '群众', '博士', '未婚', '哥伦比亚', '175178369', '108710597', '12594@qq.com', '2023-05-01', '2', 13000.00, 6, '在职', '2023279', '员工');
INSERT INTO `employee` VALUES (2023280, '霍尔海雅', '女', '霍尔海雅.jpg', '哥伦比亚', '2001-03-01', '群众', '博士', '未婚', '哥伦比亚', '120690356', '100359026', '11438@qq.com', '2023-05-01', '1', 19000.00, 1, '在职', '2023280', '员工');
INSERT INTO `employee` VALUES (2023281, '淬羽赫默', '女', '淬羽赫默.jpg', '哥伦比亚、莱茵生命', '2003-02-22', '群众', '博士', '未婚', '哥伦比亚', '135808043', '137451305', '16281@qq.com', '2023-05-01', '1', 13000.00, 9, '在职', '2023281', '员工');
INSERT INTO `employee` VALUES (2023282, '玫拉', '女', '玫拉.jpg', '哥伦比亚', '2000-04-21', '群众', '本科', '未婚', '哥伦比亚', '185747212', '176891182', '10195@qq.com', '2023-05-01', '1', 15000.00, 1, '在职', '2023282', '员工');
INSERT INTO `employee` VALUES (2023283, 'Friston-3', '男', 'Friston-3.jpg', '罗德岛', '2001-01-21', '群众', '小学', '未婚', '罗德岛', '145455405', '182158587', '19428@qq.com', '2023-05-22', '1', 3000.00, 9, '在职', '2023283', '员工');
INSERT INTO `employee` VALUES (2023284, '圣约送葬人', '男', '圣约送葬人.jpg', '拉特兰', '2003-05-17', '群众', '博士', '未婚', '拉特兰', '114863394', '195327513', '13740@qq.com', '2023-06-08', '1', 20000.00, 8, '在职', '2023284', '员工');
INSERT INTO `employee` VALUES (2023285, '空构', '女', '空构.jpg', '拉特兰', '1999-04-07', '群众', '本科', '未婚', '拉特兰', '124555865', '178559418', '15501@qq.com', '2023-06-08', '1', 10000.00, 2, '在职', '2023285', '员工');
INSERT INTO `employee` VALUES (2023286, '隐现', '男', '隐现.jpg', '拉特兰', '2002-06-17', '群众', '本科', '未婚', '拉特兰', '164047429', '181749860', '16623@qq.com', '2023-06-18', '1', 13000.00, 3, '在职', '2023286', '员工');
INSERT INTO `employee` VALUES (2023288, 'www8', 'male', '1.jpg', 'yanguo', '2023-06-09', 'szfdghjy', '导师', 'married', 'este', '452124120304233635', '13812345678', '2542837152@qq.com', '2023-06-27', '1', 7000.00, 6, '在职', 'vmMaUfc34kV9', 'general staff');
INSERT INTO `employee` VALUES (2023292, '王文朗', 'male', '1.jpg', 'yanguo', '2023-06-08', 'szfdghjy', '导师', 'married', 'este', '452122200304233635', '15789451245', '2531426867@qq.com', '2023-06-28', '1', 7000.00, 3, '在职', 'z9aK3Tdv0ksx', 'general staff');
INSERT INTO `employee` VALUES (2023293, 'www', 'male', '1.jpg', 'yanguo', '2023-06-01', 'szfdghjy', '导师', 'spinsterhood', 'este', '452124120304233677', '15789451245', '2542837152@qq.com', '2023-12-19', '1', 0.00, 0, '在职', '2023289', '员工');

-- ----------------------------
-- Table structure for manufacture
-- ----------------------------
DROP TABLE IF EXISTS `manufacture`;
CREATE TABLE `manufacture`  (
  `productNum` int(11) NOT NULL,
  `sectionNum` int(11) NOT NULL,
  INDEX `productNum`(`productNum`) USING BTREE,
  INDEX `sectionNum`(`sectionNum`) USING BTREE,
  CONSTRAINT `manufacture_ibfk_1` FOREIGN KEY (`productNum`) REFERENCES `product` (`productNum`) ON DELETE RESTRICT ON UPDATE RESTRICT,
  CONSTRAINT `manufacture_ibfk_2` FOREIGN KEY (`sectionNum`) REFERENCES `section` (`sectionNum`) ON DELETE RESTRICT ON UPDATE RESTRICT
) ENGINE = InnoDB CHARACTER SET = utf8mb4 COLLATE = utf8mb4_0900_ai_ci ROW_FORMAT = Dynamic;

-- ----------------------------
-- Records of manufacture
-- ----------------------------
INSERT INTO `manufacture` VALUES (9, 9);
INSERT INTO `manufacture` VALUES (6, 2);

-- ----------------------------
-- Table structure for position
-- ----------------------------
DROP TABLE IF EXISTS `position`;
CREATE TABLE `position`  (
  `positionNum` int(11) NOT NULL AUTO_INCREMENT,
  `sectionNum` int(11) NULL DEFAULT NULL,
  `employeeNum` int(11) NULL DEFAULT NULL,
  `positionName` varchar(50) CHARACTER SET utf8mb4 COLLATE utf8mb4_0900_ai_ci NULL DEFAULT NULL,
  PRIMARY KEY (`positionNum`) USING BTREE,
  INDEX `sectionNum`(`sectionNum`) USING BTREE,
  INDEX `employeeNum`(`employeeNum`) USING BTREE,
  CONSTRAINT `position_ibfk_1` FOREIGN KEY (`sectionNum`) REFERENCES `section` (`sectionNum`) ON DELETE RESTRICT ON UPDATE RESTRICT,
  CONSTRAINT `position_ibfk_2` FOREIGN KEY (`employeeNum`) REFERENCES `employee` (`employeeNum`) ON DELETE RESTRICT ON UPDATE RESTRICT
) ENGINE = InnoDB AUTO_INCREMENT = 1 CHARACTER SET = utf8mb4 COLLATE = utf8mb4_0900_ai_ci ROW_FORMAT = Dynamic;

-- ----------------------------
-- Records of position
-- ----------------------------
INSERT INTO `position` VALUES (1, 6, 2023009, 'x');

-- ----------------------------
-- Table structure for product
-- ----------------------------
DROP TABLE IF EXISTS `product`;
CREATE TABLE `product`  (
  `productNum` int(11) NOT NULL AUTO_INCREMENT,
  `name` varchar(50) CHARACTER SET utf8mb4 COLLATE utf8mb4_0900_ai_ci NOT NULL,
  `quantity` int(11) NULL DEFAULT NULL,
  `unitPrice` decimal(10, 2) NULL DEFAULT NULL,
  `productFunction` varchar(50) CHARACTER SET utf8mb4 COLLATE utf8mb4_0900_ai_ci NULL DEFAULT NULL,
  `productDate` date NULL DEFAULT NULL,
  `introduction` varchar(255) CHARACTER SET utf8mb4 COLLATE utf8mb4_0900_ai_ci NULL DEFAULT NULL,
  `userComment` varchar(255) CHARACTER SET utf8mb4 COLLATE utf8mb4_0900_ai_ci NULL DEFAULT NULL,
  `salesVolume` int(11) NULL DEFAULT NULL,
  `investment` decimal(10, 2) NULL DEFAULT NULL,
  PRIMARY KEY (`productNum`) USING BTREE
) ENGINE = InnoDB AUTO_INCREMENT = 44 CHARACTER SET = utf8mb4 COLLATE = utf8mb4_0900_ai_ci ROW_FORMAT = Dynamic;

-- ----------------------------
-- Records of product
-- ----------------------------
INSERT INTO `product` VALUES (0, '铁', 1200, 20.00, 'Daily', '2023-12-12', '无用的无机物', NULL, 50, 44120.00);
INSERT INTO `product` VALUES (1, 'D32钢', 9, 3200.00, 'military', '2023-06-25', '钢管外径是32mm的壁厚为3mm的钢管', '好d ', 22, 2003.00);
INSERT INTO `product` VALUES (2, '双极纳米片', 4, 5100.00, 'technological', '2023-05-03', '用于高级强化场合。对范围内源石敏感的装置', '', 24, 100.00);
INSERT INTO `product` VALUES (3, 'RMA70-24', 5, 3500.00, 'technological', '2023-12-06', '合成D32钢或者作为部分从者的精英化、技能专精材料使用', '', 25, 92525.00);
INSERT INTO `product` VALUES (4, '三水锰矿', 22, 1300.00, 'military', '2024-01-26', '用于提炼冶炼用的金属矿物', '', 52, 85518.00);
INSERT INTO `product` VALUES (5, '五水研磨石', 14, 640.00, 'military', '2023-05-30', '用于精加工武器零件的高级研磨石', '', 77, 25259.00);
INSERT INTO `product` VALUES (6, '提纯源岩', 5, 880.00, 'military', '2023-06-05', '作为部分从者的精英化、技能专精材料使用', '', 75, 84849.00);
INSERT INTO `product` VALUES (7, '酮阵列', 13, 2200.00, 'military', '2023-06-14', '合成聚合剂', '', 15, 48485.00);
INSERT INTO `product` VALUES (8, '异铁块', 34, 6800.00, 'military', '2023-02-15', '价值高昂的工业材料', '', 57, 645881.00);
INSERT INTO `product` VALUES (9, '改量装置', 35, 760.00, 'technological', '2025-03-10', '收缴来的高等机械安装', '', 50, 20000.00);
INSERT INTO `product` VALUES (10, '白马醇', 33, 1200.00, 'military', '2023-06-25', '片状有机化合物', '', 8, 5000.00);
INSERT INTO `product` VALUES (11, '聚酸酯块', 40, 1200.00, 'technological', '2023-09-06', '可用于多种强化场合', '', 7, 3434.00);
INSERT INTO `product` VALUES (12, '糖聚块', 12, 600.00, 'military', '2023-01-26', '通常用于制备药剂', '', 7, 2000.00);
INSERT INTO `product` VALUES (13, '聚合凝胶', 65, 1700.00, 'military', '2023-05-29', '溶胶或溶液中的胶体粒子或 在一定条件下互相连接', '', 20, 20000.00);
INSERT INTO `product` VALUES (14, '炽合金块', 8, 3400.00, 'technological', '2023-06-13', '技能专精材料', '', 7, 10000.00);
INSERT INTO `product` VALUES (15, '芯片助剂', 19, 1900.00, 'military', '2023-06-12', '生产干员精英化所需的双芯片', '', 9, 9000.00);
INSERT INTO `product` VALUES (16, 'RMA70-12', 20, 1600.00, 'technological', '2023-06-05', '是7024和白马醇的主要合成材料', '', 10, 9000.00);
INSERT INTO `product` VALUES (17, '轻锰矿', 45, 1300.00, 'military\'', '2023-05-06', '全干员精英化', '', 8, 7000.00);
INSERT INTO `product` VALUES (18, '研磨石', 142, 650.00, 'military', '2023-06-22', '金属研磨抛光过程中不可缺少的加工物料', '', 15, 5000.00);
INSERT INTO `product` VALUES (19, '固源岩组', 41, 660.00, 'military', '2023-06-29', '从地表开采出的岩石固块组', '', 21, 5000.00);
INSERT INTO `product` VALUES (20, '酮凝集组', 650, 130.00, 'Daily', '2023-03-21', '工业用有机化合物', '', 32, 3000.00);
INSERT INTO `product` VALUES (21, '异铁组', 447, 330.00, 'Daily', '2023-01-20', '干员精英化和技能升级', '', 32, 2000.00);
INSERT INTO `product` VALUES (22, '全新装置', 360, 440.00, 'technological', '2020-05-30', '金贵的材料之一', '', 20, 2000.00);
INSERT INTO `product` VALUES (23, '扭转醇', 110, 330.00, 'Daily', '2023-01-20', '干员精英化和技能升级', '', 32, 3000.00);
INSERT INTO `product` VALUES (24, '聚酸酯组', 90, 1060.00, 'Daily', '2023-10-25', '用于多种强化场合', '', 58, 30000.00);
INSERT INTO `product` VALUES (25, '糖组', 660, 60.00, 'Daily', '2023-06-22', '生物体的基本物质之一', '', 50, 1690.00);
INSERT INTO `product` VALUES (26, '凝胶', 400, 150.00, 'military', '2023-04-20', '一定浓度的高分子溶液或溶胶', '', 12, 976.00);
INSERT INTO `product` VALUES (27, '炽合金', 600, 600.00, 'technological', '2023-05-10', '聚合凝胶等材料需要的合成素材', '', 43, 15800.00);
INSERT INTO `product` VALUES (28, '固源岩', 1200, 40.00, 'Daily', '2023-07-01', '从地表开采出的岩石固块', '', 12, 200.00);
INSERT INTO `product` VALUES (29, '酮凝集', 440, 60.00, 'Daily', '2023-06-29', '少量的工业用有机化合物', '', 32, 599.00);
INSERT INTO `product` VALUES (30, '异铁', 3300, 30.00, 'Daily', '2023-06-22', '罕见的工业材料', '', 21, 478.00);
INSERT INTO `product` VALUES (31, '装置', 2380, 30.00, 'Daily', '2023-11-04', '机器、仪器和设备中结构复杂并具有某种独立功用的物件', '', 58, 976.00);
INSERT INTO `product` VALUES (32, '聚酸酯-5', 110, 900.00, 'Daily', '2023-09-24', '无定形的聚合物', '', 23, 31.00);
INSERT INTO `product` VALUES (33, '糖', 10, 20.00, 'Daily', '2023-05-04', '泛指一切具有甜味的糖类', '', 21, 131.00);
INSERT INTO `product` VALUES (34, '技巧概要-1', 110, 100.00, 'technological', '2023-06-21', '记载了入门技巧的书籍', '', 21, 1300.00);
INSERT INTO `product` VALUES (35, '技巧概要-2', 60, 100.00, 'technological', '2023-01-13', '记载了入门技巧的书籍', '', 21, 1000.00);
INSERT INTO `product` VALUES (36, '赤金', 40, 330.00, 'military', '2023-12-18', '是黄金纯度的称谓', '', 23, 3000.00);
INSERT INTO `product` VALUES (37, '作战记录', 10, 1200.00, 'military', '2023-06-28', '记录了作战录像的存储装置', '', 25, 20000.00);
INSERT INTO `product` VALUES (38, '源岩', 600, 300.00, 'technological', '2023-09-01', '从地表开采出的岩石', '', 8, 1000.00);
INSERT INTO `product` VALUES (39, '双酮-4', 300, 200.00, 'technological', '2023-10-12', '有机物', '', 8, 1000.00);
INSERT INTO `product` VALUES (40, '异铁块-3', 3000, 20.00, 'Daily', '2023-09-03', '多套异铁组熔铸成型的异铁块', '', 44, 400.00);
INSERT INTO `product` VALUES (41, '装置-B型', 2000, 20.00, 'Daily', '2023-07-11', '独立功用的物件', '', 60, 700.00);
INSERT INTO `product` VALUES (42, '代糖', 1100, 20.00, 'Daily', '2023-06-22', '一类食品添加剂', '', 65, 689.00);

-- ----------------------------
-- Table structure for project
-- ----------------------------
DROP TABLE IF EXISTS `project`;
CREATE TABLE `project`  (
  `projectNum` int(11) NOT NULL AUTO_INCREMENT,
  `phone` varchar(50) CHARACTER SET utf8mb4 COLLATE utf8mb4_0900_ai_ci NOT NULL,
  `name` varchar(255) CHARACTER SET utf8mb4 COLLATE utf8mb4_0900_ai_ci NOT NULL,
  `type` varchar(255) CHARACTER SET utf8mb4 COLLATE utf8mb4_0900_ai_ci NULL DEFAULT NULL,
  `meaning` text CHARACTER SET utf8mb4 COLLATE utf8mb4_0900_ai_ci NULL,
  `totalTime` int(11) NULL DEFAULT NULL,
  `expenditure` decimal(10, 2) NULL DEFAULT NULL,
  `status` varchar(255) CHARACTER SET utf8mb4 COLLATE utf8mb4_0900_ai_ci NULL DEFAULT NULL,
  PRIMARY KEY (`projectNum`) USING BTREE,
  INDEX `projectNum`(`projectNum`) USING BTREE
) ENGINE = InnoDB AUTO_INCREMENT = 11 CHARACTER SET = utf8mb4 COLLATE = utf8mb4_0900_ai_ci ROW_FORMAT = Dynamic;

-- ----------------------------
-- Records of project
-- ----------------------------
INSERT INTO `project` VALUES (1, '15992425969', '项目的某个名字', '轨道级', '重要性不言而喻', 24, 20000.00, '已完成');
INSERT INTO `project` VALUES (2, '15992425969', '项目的某个名字', '轨道级', '重要性不言而喻', 24, 20000.00, '已完成');
INSERT INTO `project` VALUES (3, '13812345679', 'www5', '恒星级', 'z', 20, 20000.00, '已完成');
INSERT INTO `project` VALUES (4, '13812345679', 'www5', '恒星级', 'z', 20, 20000.00, '已完成');
INSERT INTO `project` VALUES (5, '13812345678', 'www4', '轨道级', '53532', 24, 20000.00, '进行中');
INSERT INTO `project` VALUES (8, '15992425969', 'uhi我i', '星河级', ' 是', 21, 10000.00, '已完成');
INSERT INTO `project` VALUES (9, '15992425969', 'uhi我i', '轨道级', 'fefsef', 2, 500000.00, '进行中');
INSERT INTO `project` VALUES (10, '15992425969', 'www', '星河级', 'c', 2, 20000.00, '进行中');
INSERT INTO `project` VALUES (12, '15992425969', '王文朗', '轨道级', 'sxgsz', 11, 21422.00, '待审核');
INSERT INTO `project` VALUES (13, '15992425969', '王文朗', '恒星级', 'sdax', 15, 200.00, '待审核');

-- ----------------------------
-- Table structure for purchase
-- ----------------------------
DROP TABLE IF EXISTS `purchase`;
CREATE TABLE `purchase`  (
  `purchaseNum` int(11) NOT NULL AUTO_INCREMENT,
  `productNum` int(11) NOT NULL,
  `phone` varchar(50) CHARACTER SET utf8mb4 COLLATE utf8mb4_0900_ai_ci NULL DEFAULT NULL,
  `quantity` int(11) NULL DEFAULT NULL,
  `totalPrices` decimal(10, 2) NULL DEFAULT NULL,
  `purchaseDate` date NULL DEFAULT NULL,
  `status` varchar(10) CHARACTER SET utf8mb4 COLLATE utf8mb4_0900_ai_ci NULL DEFAULT NULL,
  `address` varchar(255) CHARACTER SET utf8mb4 COLLATE utf8mb4_0900_ai_ci NULL DEFAULT NULL,
  PRIMARY KEY (`purchaseNum`) USING BTREE,
  INDEX `productNum`(`productNum`) USING BTREE,
  CONSTRAINT `purchase_ibfk_1` FOREIGN KEY (`productNum`) REFERENCES `product` (`productNum`) ON DELETE RESTRICT ON UPDATE RESTRICT
) ENGINE = InnoDB AUTO_INCREMENT = 7 CHARACTER SET = utf8mb4 COLLATE = utf8mb4_0900_ai_ci ROW_FORMAT = Dynamic;

-- ----------------------------
-- Records of purchase
-- ----------------------------
INSERT INTO `purchase` VALUES (1, 3, '15992425969', 4, 14000.00, '2023-06-28', '待审核', '是一个发给我');
INSERT INTO `purchase` VALUES (2, 7, '15992425969', 5, 16200.00, '2023-12-08', '待审核', '测试');
INSERT INTO `purchase` VALUES (7, 26, '15992425969', 0, 14000.00, '2023-12-19', '已完成', 'china');
INSERT INTO `purchase` VALUES (8, 18, '15992425969', 0, 14000.00, '2023-12-19', '已完成', 'china');
INSERT INTO `purchase` VALUES (9, 16, '15992425969', 12, 19200.00, '2023-12-19', '待发货', 'china');

-- ----------------------------
-- Table structure for receive
-- ----------------------------
DROP TABLE IF EXISTS `receive`;
CREATE TABLE `receive`  (
  `projectNum` int(11) NOT NULL,
  `sectionNum` int(11) NOT NULL,
  INDEX `projectNum`(`projectNum`) USING BTREE,
  INDEX `sectionNum`(`sectionNum`) USING BTREE,
  CONSTRAINT `receive_ibfk_1` FOREIGN KEY (`projectNum`) REFERENCES `project` (`projectNum`) ON DELETE RESTRICT ON UPDATE RESTRICT,
  CONSTRAINT `receive_ibfk_2` FOREIGN KEY (`sectionNum`) REFERENCES `section` (`sectionNum`) ON DELETE RESTRICT ON UPDATE RESTRICT
) ENGINE = InnoDB CHARACTER SET = utf8mb4 COLLATE = utf8mb4_0900_ai_ci ROW_FORMAT = Dynamic;

-- ----------------------------
-- Records of receive
-- ----------------------------
INSERT INTO `receive` VALUES (8, 0);
INSERT INTO `receive` VALUES (8, 6);
INSERT INTO `receive` VALUES (8, 1);
INSERT INTO `receive` VALUES (1, 5);
INSERT INTO `receive` VALUES (2, 5);
INSERT INTO `receive` VALUES (2, 9);
INSERT INTO `receive` VALUES (3, 2);
INSERT INTO `receive` VALUES (3, 5);
INSERT INTO `receive` VALUES (3, 8);
INSERT INTO `receive` VALUES (3, 7);
INSERT INTO `receive` VALUES (4, 4);
INSERT INTO `receive` VALUES (5, 8);
INSERT INTO `receive` VALUES (9, 1);
INSERT INTO `receive` VALUES (9, 6);
INSERT INTO `receive` VALUES (10, 3);
INSERT INTO `receive` VALUES (10, 8);
INSERT INTO `receive` VALUES (10, 9);

-- ----------------------------
-- Table structure for section
-- ----------------------------
DROP TABLE IF EXISTS `section`;
CREATE TABLE `section`  (
  `sectionNum` int(11) NOT NULL AUTO_INCREMENT,
  `name` varchar(50) CHARACTER SET utf8mb4 COLLATE utf8mb4_0900_ai_ci NOT NULL,
  `director` varchar(50) CHARACTER SET utf8mb4 COLLATE utf8mb4_0900_ai_ci NULL DEFAULT NULL,
  `sectionPeople` int(11) NULL DEFAULT NULL,
  PRIMARY KEY (`sectionNum`) USING BTREE
) ENGINE = InnoDB AUTO_INCREMENT = 12 CHARACTER SET = utf8mb4 COLLATE = utf8mb4_0900_ai_ci ROW_FORMAT = Dynamic;

-- ----------------------------
-- Records of section
-- ----------------------------
INSERT INTO `section` VALUES (0, 'DEFENSE SECTION', '塞雷娅', 38);
INSERT INTO `section` VALUES (1, 'BUSINESS SECTION', '伊芙利特', 34);
INSERT INTO `section` VALUES (2, 'HUMAN RESOURCES INVESTIGATION SECTION', '赫默', 28);
INSERT INTO `section` VALUES (3, 'ENGINEERING SECTION', '银灰', 31);
INSERT INTO `section` VALUES (4, 'STRUCTURAL SECTION', '梅尔', 19);
INSERT INTO `section` VALUES (5, 'ENERGY SECTION', '星熊', 27);
INSERT INTO `section` VALUES (6, 'ORIGINIUM ART SECTION', '送葬人', 30);
INSERT INTO `section` VALUES (7, 'ECOLOGICAL SECTION', '缪尔赛思', 32);
INSERT INTO `section` VALUES (8, 'SCIENTIFIC INVESTIGATION SECTION', '麦哲伦', 18);
INSERT INTO `section` VALUES (9, 'COMPONENTS CONTROL SECTION', '阿米娅', 29);

-- ----------------------------
-- Table structure for signin
-- ----------------------------
DROP TABLE IF EXISTS `signin`;
CREATE TABLE `signin`  (
  `signinNum` int(15) NOT NULL AUTO_INCREMENT,
  `employeeNum` int(11) NOT NULL,
  `signinTime` varchar(50) CHARACTER SET utf8mb4 COLLATE utf8mb4_0900_ai_ci NULL DEFAULT NULL,
  `checkoutTime` varchar(50) CHARACTER SET utf8mb4 COLLATE utf8mb4_0900_ai_ci NULL DEFAULT NULL,
  `workHour` decimal(11, 2) NULL DEFAULT NULL,
  PRIMARY KEY (`signinNum`) USING BTREE,
  INDEX `employeeNum`(`employeeNum`) USING BTREE,
  CONSTRAINT `signin_ibfk_1` FOREIGN KEY (`employeeNum`) REFERENCES `employee` (`employeeNum`) ON DELETE RESTRICT ON UPDATE RESTRICT
) ENGINE = InnoDB AUTO_INCREMENT = 7 CHARACTER SET = utf8mb4 COLLATE = utf8mb4_0900_ai_ci ROW_FORMAT = Dynamic;

-- ----------------------------
-- Records of signin
-- ----------------------------
INSERT INTO `signin` VALUES (1, 2023001, '212121', '2121212', 222.00);
INSERT INTO `signin` VALUES (2, 2023008, '2023/6/27 00:34:54', '2023/6/27 00:34:55', 0.00);
INSERT INTO `signin` VALUES (3, 2023008, '2023/6/27 00:36:24', '2023/6/27 00:36:25', 0.00);
INSERT INTO `signin` VALUES (4, 2023008, '2023/6/27 00:36:52', '2023/6/27 00:36:55', 0.00);
INSERT INTO `signin` VALUES (5, 2023008, '2023/6/27 00:38:05', '2023/6/27 00:38:09', 0.00);
INSERT INTO `signin` VALUES (6, 2023008, '2023/6/27 10:09:40', '2023/6/27 10:09:41', 0.00);
INSERT INTO `signin` VALUES (7, 2023008, '2023/12/15 15:37:50', '2023/12/15 15:37:50', 0.00);
INSERT INTO `signin` VALUES (8, 2023008, '2023/12/19 00:17:47', '2023/12/19 00:17:47', 0.00);

-- ----------------------------
-- Table structure for summary
-- ----------------------------
DROP TABLE IF EXISTS `summary`;
CREATE TABLE `summary`  (
  `summaryNum` int(11) NOT NULL AUTO_INCREMENT,
  `quarter` varchar(50) CHARACTER SET utf8mb4 COLLATE utf8mb4_0900_ai_ci NULL DEFAULT NULL,
  `product` varchar(50) CHARACTER SET utf8mb4 COLLATE utf8mb4_0900_ai_ci NULL DEFAULT NULL,
  `productionQuantity` int(50) NULL DEFAULT NULL,
  `productionSalesVolume` int(50) NULL DEFAULT NULL,
  `investment` decimal(10, 2) NULL DEFAULT NULL,
  `profit` decimal(14, 2) NULL DEFAULT NULL,
  PRIMARY KEY (`summaryNum`) USING BTREE
) ENGINE = InnoDB AUTO_INCREMENT = 190 CHARACTER SET = utf8mb4 COLLATE = utf8mb4_0900_ai_ci ROW_FORMAT = Dynamic;

-- ----------------------------
-- Records of summary
-- ----------------------------
INSERT INTO `summary` VALUES (1, '2023_2', '', 7094, 631, 277359.00, 99999999.99);
INSERT INTO `summary` VALUES (2, '2023_4', '', 2835, 172, 127501.00, 14387699.00);
INSERT INTO `summary` VALUES (3, '2024_1', '', 22, 52, 85518.00, -56918.00);
INSERT INTO `summary` VALUES (4, '2023_1', '', 1313, 181, 656881.00, 10227889.00);
INSERT INTO `summary` VALUES (5, '2025_1', '', 35, 50, 20000.00, 6600.00);
INSERT INTO `summary` VALUES (6, '2023_3', '', 6950, 154, 5765.00, 17230235.00);
INSERT INTO `summary` VALUES (7, '2020_2', '', 360, 20, 2000.00, 156400.00);
INSERT INTO `summary` VALUES (8, '2023_2', '', 7094, 631, 277359.00, 99999999.99);
INSERT INTO `summary` VALUES (9, '2023_4', '', 2835, 172, 127501.00, 14387699.00);
INSERT INTO `summary` VALUES (10, '2024_1', '', 22, 52, 85518.00, -56918.00);
INSERT INTO `summary` VALUES (11, '2023_1', '', 1313, 181, 656881.00, 10227889.00);
INSERT INTO `summary` VALUES (12, '2025_1', '', 35, 50, 20000.00, 6600.00);
INSERT INTO `summary` VALUES (13, '2023_3', '', 6950, 154, 5765.00, 17230235.00);
INSERT INTO `summary` VALUES (14, '2020_2', '', 360, 20, 2000.00, 156400.00);
INSERT INTO `summary` VALUES (15, '2023_2', '', 7094, 631, 277359.00, 99999999.99);
INSERT INTO `summary` VALUES (16, '2023_4', '', 2835, 172, 127501.00, 14387699.00);
INSERT INTO `summary` VALUES (17, '2024_1', '', 22, 52, 85518.00, -56918.00);
INSERT INTO `summary` VALUES (18, '2023_1', '', 1313, 181, 656881.00, 10227889.00);
INSERT INTO `summary` VALUES (19, '2025_1', '', 35, 50, 20000.00, 6600.00);
INSERT INTO `summary` VALUES (20, '2023_3', '', 6950, 154, 5765.00, 17230235.00);
INSERT INTO `summary` VALUES (21, '2020_2', '', 360, 20, 2000.00, 156400.00);
INSERT INTO `summary` VALUES (22, '2023_2', '', 7094, 631, 277359.00, 99999999.99);
INSERT INTO `summary` VALUES (23, '2023_4', '', 2835, 172, 127501.00, 14387699.00);
INSERT INTO `summary` VALUES (24, '2024_1', '', 22, 52, 85518.00, -56918.00);
INSERT INTO `summary` VALUES (25, '2023_1', '', 1313, 181, 656881.00, 10227889.00);
INSERT INTO `summary` VALUES (26, '2025_1', '', 35, 50, 20000.00, 6600.00);
INSERT INTO `summary` VALUES (27, '2023_3', '', 6950, 154, 5765.00, 17230235.00);
INSERT INTO `summary` VALUES (28, '2020_2', '', 360, 20, 2000.00, 156400.00);
INSERT INTO `summary` VALUES (29, '2023_2', '', 7094, 631, 277359.00, 99999999.99);
INSERT INTO `summary` VALUES (30, '2023_4', '', 2835, 172, 127501.00, 14387699.00);
INSERT INTO `summary` VALUES (31, '2024_1', '', 22, 52, 85518.00, -56918.00);
INSERT INTO `summary` VALUES (32, '2023_1', '', 1313, 181, 656881.00, 10227889.00);
INSERT INTO `summary` VALUES (33, '2025_1', '', 35, 50, 20000.00, 6600.00);
INSERT INTO `summary` VALUES (34, '2023_3', '', 6950, 154, 5765.00, 17230235.00);
INSERT INTO `summary` VALUES (35, '2020_2', '', 360, 20, 2000.00, 156400.00);
INSERT INTO `summary` VALUES (36, '2023_2', '', 7094, 631, 277359.00, 99999999.99);
INSERT INTO `summary` VALUES (37, '2023_4', '', 2835, 172, 127501.00, 14387699.00);
INSERT INTO `summary` VALUES (38, '2024_1', '', 22, 52, 85518.00, -56918.00);
INSERT INTO `summary` VALUES (39, '2023_1', '', 1313, 181, 656881.00, 10227889.00);
INSERT INTO `summary` VALUES (40, '2025_1', '', 35, 50, 20000.00, 6600.00);
INSERT INTO `summary` VALUES (41, '2023_3', '', 6950, 154, 5765.00, 17230235.00);
INSERT INTO `summary` VALUES (42, '2020_2', '', 360, 20, 2000.00, 156400.00);
INSERT INTO `summary` VALUES (43, '2023_2', '', 7094, 631, 277359.00, 99999999.99);
INSERT INTO `summary` VALUES (44, '2023_4', '', 2835, 172, 127501.00, 14387699.00);
INSERT INTO `summary` VALUES (45, '2024_1', '', 22, 52, 85518.00, -56918.00);
INSERT INTO `summary` VALUES (46, '2023_1', '', 1313, 181, 656881.00, 10227889.00);
INSERT INTO `summary` VALUES (47, '2025_1', '', 35, 50, 20000.00, 6600.00);
INSERT INTO `summary` VALUES (48, '2023_3', '', 6950, 154, 5765.00, 17230235.00);
INSERT INTO `summary` VALUES (49, '2020_2', '', 360, 20, 2000.00, 156400.00);
INSERT INTO `summary` VALUES (50, '2023_2', '', 7094, 631, 277359.00, 99999999.99);
INSERT INTO `summary` VALUES (51, '2023_4', '', 2835, 172, 127501.00, 14387699.00);
INSERT INTO `summary` VALUES (52, '2024_1', '', 22, 52, 85518.00, -56918.00);
INSERT INTO `summary` VALUES (53, '2023_1', '', 1313, 181, 656881.00, 10227889.00);
INSERT INTO `summary` VALUES (54, '2025_1', '', 35, 50, 20000.00, 6600.00);
INSERT INTO `summary` VALUES (55, '2023_3', '', 6950, 154, 5765.00, 17230235.00);
INSERT INTO `summary` VALUES (56, '2020_2', '', 360, 20, 2000.00, 156400.00);
INSERT INTO `summary` VALUES (57, '2023_2', '', 7094, 631, 277359.00, 99999999.99);
INSERT INTO `summary` VALUES (58, '2023_4', '', 2835, 172, 127501.00, 14387699.00);
INSERT INTO `summary` VALUES (59, '2024_1', '', 22, 52, 85518.00, -56918.00);
INSERT INTO `summary` VALUES (60, '2023_1', '', 1313, 181, 656881.00, 10227889.00);
INSERT INTO `summary` VALUES (61, '2025_1', '', 35, 50, 20000.00, 6600.00);
INSERT INTO `summary` VALUES (62, '2023_3', '', 6950, 154, 5765.00, 17230235.00);
INSERT INTO `summary` VALUES (63, '2020_2', '', 360, 20, 2000.00, 156400.00);
INSERT INTO `summary` VALUES (64, '2023_2', '', 7094, 631, 277359.00, -277359.00);
INSERT INTO `summary` VALUES (65, '2023_4', '', 2835, 172, 127501.00, -127501.00);
INSERT INTO `summary` VALUES (66, '2024_1', '', 22, 52, 85518.00, -85518.00);
INSERT INTO `summary` VALUES (67, '2023_1', '', 1313, 181, 656881.00, -656881.00);
INSERT INTO `summary` VALUES (68, '2025_1', '', 35, 50, 20000.00, -20000.00);
INSERT INTO `summary` VALUES (69, '2023_3', '', 6950, 154, 5765.00, -5765.00);
INSERT INTO `summary` VALUES (70, '2020_2', '', 360, 20, 2000.00, -2000.00);
INSERT INTO `summary` VALUES (71, '2023_2', '', 7094, 631, 277359.00, 99999999.99);
INSERT INTO `summary` VALUES (72, '2023_4', '', 2835, 172, 127501.00, 14387699.00);
INSERT INTO `summary` VALUES (73, '2024_1', '', 22, 52, 85518.00, -56918.00);
INSERT INTO `summary` VALUES (74, '2023_1', '', 1313, 181, 656881.00, 10227889.00);
INSERT INTO `summary` VALUES (75, '2025_1', '', 35, 50, 20000.00, 6600.00);
INSERT INTO `summary` VALUES (76, '2023_3', '', 6950, 154, 5765.00, 17230235.00);
INSERT INTO `summary` VALUES (77, '2020_2', '', 360, 20, 2000.00, 156400.00);
INSERT INTO `summary` VALUES (78, '2023_2', '', 7094, 631, 277359.00, 99999999.99);
INSERT INTO `summary` VALUES (79, '2023_4', '', 2835, 172, 127501.00, 14387699.00);
INSERT INTO `summary` VALUES (80, '2024_1', '', 22, 52, 85518.00, -56918.00);
INSERT INTO `summary` VALUES (81, '2023_1', '', 1313, 181, 656881.00, 10227889.00);
INSERT INTO `summary` VALUES (82, '2025_1', '', 35, 50, 20000.00, 6600.00);
INSERT INTO `summary` VALUES (83, '2023_3', '', 6950, 154, 5765.00, 17230235.00);
INSERT INTO `summary` VALUES (84, '2020_2', '', 360, 20, 2000.00, 156400.00);
INSERT INTO `summary` VALUES (85, '2023_2', '', 7094, 631, 277359.00, 99999999.99);
INSERT INTO `summary` VALUES (86, '2023_4', '', 2835, 172, 127501.00, 14387699.00);
INSERT INTO `summary` VALUES (87, '2024_1', '', 22, 52, 85518.00, -56918.00);
INSERT INTO `summary` VALUES (88, '2023_1', '', 1313, 181, 656881.00, 10227889.00);
INSERT INTO `summary` VALUES (89, '2025_1', '', 35, 50, 20000.00, 6600.00);
INSERT INTO `summary` VALUES (90, '2023_3', '', 6950, 154, 5765.00, 17230235.00);
INSERT INTO `summary` VALUES (91, '2020_2', '', 360, 20, 2000.00, 156400.00);
INSERT INTO `summary` VALUES (92, '2023_2', '', 7094, 631, 277359.00, 99999999.99);
INSERT INTO `summary` VALUES (93, '2023_4', '', 2835, 172, 127501.00, 14387699.00);
INSERT INTO `summary` VALUES (94, '2024_1', '', 22, 52, 85518.00, -56918.00);
INSERT INTO `summary` VALUES (95, '2023_1', '', 1313, 181, 656881.00, 10227889.00);
INSERT INTO `summary` VALUES (96, '2025_1', '', 35, 50, 20000.00, 6600.00);
INSERT INTO `summary` VALUES (97, '2023_3', '', 6950, 154, 5765.00, 17230235.00);
INSERT INTO `summary` VALUES (98, '2020_2', '', 360, 20, 2000.00, 156400.00);
INSERT INTO `summary` VALUES (99, '2023_2', '', 7094, 631, 277359.00, -277359.00);
INSERT INTO `summary` VALUES (100, '2023_4', '', 2835, 172, 127501.00, -127501.00);
INSERT INTO `summary` VALUES (101, '2024_1', '', 22, 52, 85518.00, -85518.00);
INSERT INTO `summary` VALUES (102, '2023_1', '', 1313, 181, 656881.00, -656881.00);
INSERT INTO `summary` VALUES (103, '2025_1', '', 35, 50, 20000.00, -20000.00);
INSERT INTO `summary` VALUES (104, '2023_3', '', 6950, 154, 5765.00, -5765.00);
INSERT INTO `summary` VALUES (105, '2020_2', '', 360, 20, 2000.00, -2000.00);
INSERT INTO `summary` VALUES (106, '2023_2', '', 7077, 631, 277359.00, -277359.00);
INSERT INTO `summary` VALUES (107, '2023_4', '', 2835, 172, 127501.00, -127501.00);
INSERT INTO `summary` VALUES (108, '2024_1', '', 22, 52, 85518.00, -85518.00);
INSERT INTO `summary` VALUES (109, '2023_1', '', 1313, 181, 656881.00, -656881.00);
INSERT INTO `summary` VALUES (110, '2025_1', '', 35, 50, 20000.00, -20000.00);
INSERT INTO `summary` VALUES (111, '2023_3', '', 6950, 154, 5765.00, -5765.00);
INSERT INTO `summary` VALUES (112, '2020_2', '', 360, 20, 2000.00, -2000.00);
INSERT INTO `summary` VALUES (113, '2023_2', '', 7077, 631, 277359.00, -277359.00);
INSERT INTO `summary` VALUES (114, '2023_4', '', 2835, 172, 127501.00, -127501.00);
INSERT INTO `summary` VALUES (115, '2024_1', '', 22, 52, 85518.00, -85518.00);
INSERT INTO `summary` VALUES (116, '2023_1', '', 1313, 181, 656881.00, -656881.00);
INSERT INTO `summary` VALUES (117, '2025_1', '', 35, 50, 20000.00, -20000.00);
INSERT INTO `summary` VALUES (118, '2023_3', '', 6950, 154, 5765.00, -5765.00);
INSERT INTO `summary` VALUES (119, '2020_2', '', 360, 20, 2000.00, -2000.00);
INSERT INTO `summary` VALUES (120, '2023_2', '', 7077, 631, 277359.00, -277359.00);
INSERT INTO `summary` VALUES (121, '2023_4', '', 2835, 172, 127501.00, -127501.00);
INSERT INTO `summary` VALUES (122, '2024_1', '', 22, 52, 85518.00, -85518.00);
INSERT INTO `summary` VALUES (123, '2023_1', '', 1313, 181, 656881.00, -656881.00);
INSERT INTO `summary` VALUES (124, '2025_1', '', 35, 50, 20000.00, -20000.00);
INSERT INTO `summary` VALUES (125, '2023_3', '', 6950, 154, 5765.00, -5765.00);
INSERT INTO `summary` VALUES (126, '2020_2', '', 360, 20, 2000.00, -2000.00);
INSERT INTO `summary` VALUES (127, '2023_2', '', 7077, 631, 277359.00, -277359.00);
INSERT INTO `summary` VALUES (128, '2023_4', '', 2835, 172, 127501.00, -127501.00);
INSERT INTO `summary` VALUES (129, '2024_1', '', 22, 52, 85518.00, -85518.00);
INSERT INTO `summary` VALUES (130, '2023_1', '', 1313, 181, 656881.00, -656881.00);
INSERT INTO `summary` VALUES (131, '2025_1', '', 35, 50, 20000.00, -20000.00);
INSERT INTO `summary` VALUES (132, '2023_3', '', 6950, 154, 5765.00, -5765.00);
INSERT INTO `summary` VALUES (133, '2020_2', '', 360, 20, 2000.00, -2000.00);
INSERT INTO `summary` VALUES (134, '2023_2', '', 7080, 631, 277359.00, -277359.00);
INSERT INTO `summary` VALUES (135, '2023_4', '', 2815, 172, 127501.00, -127501.00);
INSERT INTO `summary` VALUES (136, '2024_1', '', 22, 52, 85518.00, -85518.00);
INSERT INTO `summary` VALUES (137, '2023_1', '', 1313, 181, 656881.00, -656881.00);
INSERT INTO `summary` VALUES (138, '2025_1', '', 35, 50, 20000.00, -20000.00);
INSERT INTO `summary` VALUES (139, '2023_3', '', 6950, 154, 5765.00, -5765.00);
INSERT INTO `summary` VALUES (140, '2020_2', '', 360, 20, 2000.00, -2000.00);
INSERT INTO `summary` VALUES (141, '2023_2', '', 7080, 631, 277359.00, -277359.00);
INSERT INTO `summary` VALUES (142, '2023_4', '', 2815, 172, 127501.00, -127501.00);
INSERT INTO `summary` VALUES (143, '2024_1', '', 22, 52, 85518.00, -85518.00);
INSERT INTO `summary` VALUES (144, '2023_1', '', 1313, 181, 656881.00, -656881.00);
INSERT INTO `summary` VALUES (145, '2025_1', '', 35, 50, 20000.00, -20000.00);
INSERT INTO `summary` VALUES (146, '2023_3', '', 6950, 154, 5765.00, -5765.00);
INSERT INTO `summary` VALUES (147, '2020_2', '', 360, 20, 2000.00, -2000.00);
INSERT INTO `summary` VALUES (148, '2023_2', '', 7080, 631, 277359.00, -277359.00);
INSERT INTO `summary` VALUES (149, '2023_4', '', 2815, 172, 127501.00, -127501.00);
INSERT INTO `summary` VALUES (150, '2024_1', '', 22, 52, 85518.00, -85518.00);
INSERT INTO `summary` VALUES (151, '2023_1', '', 1313, 181, 656881.00, -656881.00);
INSERT INTO `summary` VALUES (152, '2025_1', '', 35, 50, 20000.00, -20000.00);
INSERT INTO `summary` VALUES (153, '2023_3', '', 6950, 154, 5765.00, -5765.00);
INSERT INTO `summary` VALUES (154, '2020_2', '', 360, 20, 2000.00, -2000.00);
INSERT INTO `summary` VALUES (155, '2023_2', '', 7080, 631, 277359.00, -277359.00);
INSERT INTO `summary` VALUES (156, '2023_4', '', 2815, 172, 127501.00, -127501.00);
INSERT INTO `summary` VALUES (157, '2024_1', '', 22, 52, 85518.00, -85518.00);
INSERT INTO `summary` VALUES (158, '2023_1', '', 1313, 181, 656881.00, -656881.00);
INSERT INTO `summary` VALUES (159, '2025_1', '', 35, 50, 20000.00, -20000.00);
INSERT INTO `summary` VALUES (160, '2023_3', '', 6950, 154, 5765.00, -5765.00);
INSERT INTO `summary` VALUES (161, '2020_2', '', 360, 20, 2000.00, -2000.00);
INSERT INTO `summary` VALUES (162, '2023_2', '', 7073, 631, 277359.00, -277359.00);
INSERT INTO `summary` VALUES (163, '2023_4', '', 2815, 172, 127501.00, -127501.00);
INSERT INTO `summary` VALUES (164, '2024_1', '', 22, 52, 85518.00, -85518.00);
INSERT INTO `summary` VALUES (165, '2023_1', '', 1313, 181, 656881.00, -656881.00);
INSERT INTO `summary` VALUES (166, '2025_1', '', 35, 50, 20000.00, -20000.00);
INSERT INTO `summary` VALUES (167, '2023_3', '', 6950, 154, 5765.00, -5765.00);
INSERT INTO `summary` VALUES (168, '2020_2', '', 360, 20, 2000.00, -2000.00);
INSERT INTO `summary` VALUES (169, '2023_2', '', 7073, 631, 277359.00, -277359.00);
INSERT INTO `summary` VALUES (170, '2023_4', '', 2815, 172, 127501.00, -127501.00);
INSERT INTO `summary` VALUES (171, '2024_1', '', 22, 52, 85518.00, -85518.00);
INSERT INTO `summary` VALUES (172, '2023_1', '', 1313, 181, 656881.00, -656881.00);
INSERT INTO `summary` VALUES (173, '2025_1', '', 35, 50, 20000.00, -20000.00);
INSERT INTO `summary` VALUES (174, '2023_3', '', 6950, 154, 5765.00, -5765.00);
INSERT INTO `summary` VALUES (175, '2020_2', '', 360, 20, 2000.00, -2000.00);
INSERT INTO `summary` VALUES (176, '2020_2', '全新装置', 360, 20, 2000.00, 156400.00);
INSERT INTO `summary` VALUES (177, '2023_1', '异铁块', 1313, 181, 656881.00, 10227889.00);
INSERT INTO `summary` VALUES (178, '2023_2', 'D32钢', 7048, 601, 272359.00, 187697801.00);
INSERT INTO `summary` VALUES (179, '2023_3', '聚酸酯块', 6950, 154, 5765.00, 17230235.00);
INSERT INTO `summary` VALUES (180, '2023_4', 'RMA70-24', 2815, 172, 127501.00, 14285299.00);
INSERT INTO `summary` VALUES (181, '2024_1', '三水锰矿', 22, 52, 85518.00, -56918.00);
INSERT INTO `summary` VALUES (182, '2025_1', '改量装置', 35, 50, 20000.00, 6600.00);
INSERT INTO `summary` VALUES (183, '2020_2', '全新装置', 360, 20, 2000.00, 156400.00);
INSERT INTO `summary` VALUES (184, '2023_1', '异铁块', 1313, 181, 656881.00, 10227889.00);
INSERT INTO `summary` VALUES (185, '2023_2', 'D32钢', 7048, 601, 272359.00, 187697801.00);
INSERT INTO `summary` VALUES (186, '2023_3', '聚酸酯块', 6950, 154, 5765.00, 17230235.00);
INSERT INTO `summary` VALUES (187, '2023_4', '铁', 4015, 222, 171621.00, 20465479.00);
INSERT INTO `summary` VALUES (188, '2024_1', '三水锰矿', 22, 52, 85518.00, -56918.00);
INSERT INTO `summary` VALUES (189, '2025_1', '改量装置', 35, 50, 20000.00, 6600.00);
INSERT INTO `summary` VALUES (190, '2020_2', '全新装置', 360, 20, 2000.00, 156400.00);
INSERT INTO `summary` VALUES (191, '2023_1', '异铁块', 1313, 181, 656881.00, 10227889.00);
INSERT INTO `summary` VALUES (192, '2023_2', 'D32钢', 7048, 601, 272359.00, 187697801.00);
INSERT INTO `summary` VALUES (193, '2023_3', '聚酸酯块', 6950, 154, 5765.00, 17230235.00);
INSERT INTO `summary` VALUES (194, '2023_4', '铁', 4015, 222, 171621.00, 20465479.00);
INSERT INTO `summary` VALUES (195, '2024_1', '三水锰矿', 22, 52, 85518.00, -56918.00);
INSERT INTO `summary` VALUES (196, '2025_1', '改量装置', 35, 50, 20000.00, 6600.00);

-- ----------------------------
-- Table structure for user
-- ----------------------------
DROP TABLE IF EXISTS `user`;
CREATE TABLE `user`  (
  `usersNum` int(11) NOT NULL AUTO_INCREMENT,
  `name` varchar(50) CHARACTER SET utf8mb4 COLLATE utf8mb4_0900_ai_ci NOT NULL,
  `gender` varchar(10) CHARACTER SET utf8mb4 COLLATE utf8mb4_0900_ai_ci NULL DEFAULT NULL,
  `password` varchar(255) CHARACTER SET utf8mb4 COLLATE utf8mb4_0900_ai_ci NULL DEFAULT NULL,
  `email` varchar(255) CHARACTER SET utf8mb4 COLLATE utf8mb4_0900_ai_ci NOT NULL,
  `phone` varchar(255) CHARACTER SET utf8mb4 COLLATE utf8mb4_0900_ai_ci NOT NULL,
  PRIMARY KEY (`usersNum`) USING BTREE,
  INDEX `name`(`name`) USING BTREE,
  INDEX `phone`(`phone`) USING BTREE
) ENGINE = InnoDB AUTO_INCREMENT = 291 CHARACTER SET = utf8mb4 COLLATE = utf8mb4_0900_ai_ci ROW_FORMAT = Dynamic;

-- ----------------------------
-- Records of user
-- ----------------------------
INSERT INTO `user` VALUES (1, 'www', 'male', '111', '1111111111@qq.com', '15992425969');
INSERT INTO `user` VALUES (2, '王文朗', 'male', '111', '2531426867@qq.com', '15458752154');
INSERT INTO `user` VALUES (3, '狮蝎', '女', '2023001', '13387@qq.com', '120165348');
INSERT INTO `user` VALUES (4, 'Castle-3', '男', '2023002', '17496@qq.com', '172638918');
INSERT INTO `user` VALUES (5, '能天使', '女', '2023003', '10752@qq.com', '136522219');
INSERT INTO `user` VALUES (6, '食铁兽', '女', '2023004', '16831@qq.com', '134641807');
INSERT INTO `user` VALUES (7, '杜林', '女', '2023005', '17596@qq.com', '175082501');
INSERT INTO `user` VALUES (8, '芬', '女', '2023006', '12942@qq.com', '133547707');
INSERT INTO `user` VALUES (9, '炎熔', '女', '2023007', '16246@qq.com', '181612157');
INSERT INTO `user` VALUES (10, '阿米娅', '女', '2023008', '17738@qq.com', '193172821');
INSERT INTO `user` VALUES (11, '蓝毒', '女', '2023009', '12049@qq.com', '133542367');
INSERT INTO `user` VALUES (12, '拉普兰德', '女', '2023010', '11358@qq.com', '170444236');
INSERT INTO `user` VALUES (13, '月见夜', '男', '2023011', '15351@qq.com', '161401479');
INSERT INTO `user` VALUES (14, 'Lancet-2', '女', '2023012', '11203@qq.com', '139391650');
INSERT INTO `user` VALUES (15, '黑', '女', '2023013', '15935@qq.com', '125073548');
INSERT INTO `user` VALUES (16, '幽灵鲨', '女', '2023014', '14151@qq.com', '171207461');
INSERT INTO `user` VALUES (17, '安洁莉娜', '女', '2023015', '19211@qq.com', '123113119');
INSERT INTO `user` VALUES (18, '德克萨斯', '女', '2023016', '15516@qq.com', '144031452');
INSERT INTO `user` VALUES (19, '槐琥', '女', '2023017', '12313@qq.com', '153949394');
INSERT INTO `user` VALUES (20, '赫默', '女', '2023018', '15658@qq.com', '187794849');
INSERT INTO `user` VALUES (21, '银灰', '男', '2023019', '14279@qq.com', '120655906');
INSERT INTO `user` VALUES (22, '莫斯提马', '女', '2023020', '15291@qq.com', '145634059');
INSERT INTO `user` VALUES (23, '夜莺', '女', '2023021', '15854@qq.com', '199028765');
INSERT INTO `user` VALUES (24, '红', '女', '2023022', '14263@qq.com', '188653777');
INSERT INTO `user` VALUES (25, '白面鸮', '女', '2023023', '12950@qq.com', '141856738');
INSERT INTO `user` VALUES (26, '香草', '女', '2023024', '13300@qq.com', '123104971');
INSERT INTO `user` VALUES (27, '星熊', '女', '2023025', '17270@qq.com', '151195550');
INSERT INTO `user` VALUES (28, '史都华德', '男', '2023026', '19336@qq.com', '142550368');
INSERT INTO `user` VALUES (29, '卡缇', '女', '2023027', '11773@qq.com', '171152585');
INSERT INTO `user` VALUES (30, '陈', '女', '2023028', '18493@qq.com', '196903864');
INSERT INTO `user` VALUES (31, '空', '女', '2023029', '13367@qq.com', '107693083');
INSERT INTO `user` VALUES (32, '米格鲁', '女', '2023030', '18469@qq.com', '150291843');
INSERT INTO `user` VALUES (33, '年', '女', '2023031', '15552@qq.com', '140209357');
INSERT INTO `user` VALUES (34, '阿', '男', '2023032', '13417@qq.com', '196054908');
INSERT INTO `user` VALUES (35, '吽', '男', '2023033', '17710@qq.com', '128723305');
INSERT INTO `user` VALUES (36, '雪雉', '女', '2023034', '19385@qq.com', '183854344');
INSERT INTO `user` VALUES (37, '煌', '女', '2023035', '12787@qq.com', '124356982');
INSERT INTO `user` VALUES (38, '灰喉', '女', '2023036', '17783@qq.com', '100460218');
INSERT INTO `user` VALUES (39, '安比尔', '女', '2023037', '10040@qq.com', '185329861');
INSERT INTO `user` VALUES (40, '布洛卡', '男', '2023038', '11073@qq.com', '126660056');
INSERT INTO `user` VALUES (41, '苇草', '女', '2023039', '13168@qq.com', '162008199');
INSERT INTO `user` VALUES (42, '拜松', '男', '2023040', '15308@qq.com', '124220955');
INSERT INTO `user` VALUES (43, '梅', '女', '2023041', '15994@qq.com', '197941849');
INSERT INTO `user` VALUES (44, '微风', '女', '2023042', '14152@qq.com', '173658498');
INSERT INTO `user` VALUES (45, '伊桑', '男', '2023043', '13375@qq.com', '118808218');
INSERT INTO `user` VALUES (46, '麦哲伦', '女', '2023044', '17209@qq.com', '110271617');
INSERT INTO `user` VALUES (47, '送葬人', '男', '2023045', '16587@qq.com', '134903722');
INSERT INTO `user` VALUES (48, '炎客', '男', '2023046', '10672@qq.com', '142623800');
INSERT INTO `user` VALUES (49, '红云', '女', '2023047', '15067@qq.com', '191599944');
INSERT INTO `user` VALUES (50, '坚雷', '女', '2023048', '18955@qq.com', '115528798');
INSERT INTO `user` VALUES (51, '赫拉格', '男', '2023049', '17038@qq.com', '156277001');
INSERT INTO `user` VALUES (52, '星极', '女', '2023050', '18356@qq.com', '124460307');
INSERT INTO `user` VALUES (53, '桃金娘', '女', '2023051', '10840@qq.com', '101417438');
INSERT INTO `user` VALUES (54, '格劳克斯', '女', '2023052', '17775@qq.com', '108102754');
INSERT INTO `user` VALUES (55, '锡兰', '女', '2023053', '15104@qq.com', '162601732');
INSERT INTO `user` VALUES (56, '苏苏洛', '女', '2023054', '17775@qq.com', '109102499');
INSERT INTO `user` VALUES (57, '诗怀雅', '女', '2023055', '11965@qq.com', '121104512');
INSERT INTO `user` VALUES (58, '格雷伊', '男', '2023056', '16608@qq.com', '197101563');
INSERT INTO `user` VALUES (59, '斑点', '男', '2023057', '16599@qq.com', '158577063');
INSERT INTO `user` VALUES (60, '斯卡蒂', '女', '2023058', '12210@qq.com', '161372765');
INSERT INTO `user` VALUES (61, '格拉尼', '女', '2023059', '15598@qq.com', '148234558');
INSERT INTO `user` VALUES (62, '夜魔', '女', '2023060', '14612@qq.com', '119942395');
INSERT INTO `user` VALUES (63, '猎蜂', '女', '2023061', '14983@qq.com', '187978072');
INSERT INTO `user` VALUES (64, '空爆', '女', '2023062', '17793@qq.com', '113604109');
INSERT INTO `user` VALUES (65, '暴行', '女', '2023063', '11153@qq.com', '110896634');
INSERT INTO `user` VALUES (66, '塞雷娅', '女', '2023064', '14464@qq.com', '194523207');
INSERT INTO `user` VALUES (67, '闪灵', '女', '2023065', '18782@qq.com', '112153133');
INSERT INTO `user` VALUES (68, '艾雅法拉', '女', '2023066', '10585@qq.com', '104902421');
INSERT INTO `user` VALUES (69, '伊芙利特', '女', '2023067', '14032@qq.com', '193438985');
INSERT INTO `user` VALUES (70, '推进之王', '女', '2023068', '19724@qq.com', '134725031');
INSERT INTO `user` VALUES (71, '真理', '女', '2023069', '15817@qq.com', '110299455');
INSERT INTO `user` VALUES (72, '初雪', '女', '2023070', '10848@qq.com', '117532880');
INSERT INTO `user` VALUES (73, '崖心', '女', '2023071', '16437@qq.com', '152442333');
INSERT INTO `user` VALUES (74, '守林人', '女', '2023072', '18266@qq.com', '189655905');
INSERT INTO `user` VALUES (75, '普罗旺斯', '女', '2023073', '18106@qq.com', '145335670');
INSERT INTO `user` VALUES (76, '火神', '女', '2023074', '17882@qq.com', '155169459');
INSERT INTO `user` VALUES (77, '可颂', '女', '2023075', '10168@qq.com', '170585069');
INSERT INTO `user` VALUES (78, '雷蛇', '女', '2023076', '11105@qq.com', '107376002');
INSERT INTO `user` VALUES (79, '临光', '女', '2023077', '19034@qq.com', '163161031');
INSERT INTO `user` VALUES (80, '华法琳', '女', '2023078', '14322@qq.com', '173536747');
INSERT INTO `user` VALUES (81, '梅尔', '女', '2023079', '10731@qq.com', '149027138');
INSERT INTO `user` VALUES (82, '天火', '女', '2023080', '14431@qq.com', '171336326');
INSERT INTO `user` VALUES (83, '陨星', '女', '2023081', '19707@qq.com', '147974779');
INSERT INTO `user` VALUES (84, '白金', '女', '2023082', '18236@qq.com', '145489300');
INSERT INTO `user` VALUES (85, '因陀罗', '女', '2023083', '11039@qq.com', '137127283');
INSERT INTO `user` VALUES (86, '芙兰卡', '女', '2023084', '13719@qq.com', '151946390');
INSERT INTO `user` VALUES (87, '凛冬', '女', '2023085', '17874@qq.com', '126191992');
INSERT INTO `user` VALUES (88, '阿消', '女', '2023086', '17615@qq.com', '149409822');
INSERT INTO `user` VALUES (89, '地灵', '女', '2023087', '11048@qq.com', '129439899');
INSERT INTO `user` VALUES (90, '深海色', '女', '2023088', '12921@qq.com', '187914333');
INSERT INTO `user` VALUES (91, '古米', '女', '2023089', '10920@qq.com', '170605511');
INSERT INTO `user` VALUES (92, '蛇屠箱', '女', '2023090', '19678@qq.com', '137440991');
INSERT INTO `user` VALUES (93, '角峰', '男', '2023091', '18944@qq.com', '179335317');
INSERT INTO `user` VALUES (94, '调香师', '女', '2023092', '16844@qq.com', '131030547');
INSERT INTO `user` VALUES (95, '嘉维尔', '女', '2023093', '11016@qq.com', '108564995');
INSERT INTO `user` VALUES (96, '末药', '女', '2023094', '11787@qq.com', '112241292');
INSERT INTO `user` VALUES (97, '暗索', '女', '2023095', '15877@qq.com', '103504418');
INSERT INTO `user` VALUES (98, '砾', '女', '2023096', '11016@qq.com', '123256878');
INSERT INTO `user` VALUES (99, '慕斯', '女', '2023097', '15534@qq.com', '184339274');
INSERT INTO `user` VALUES (100, '霜叶', '女', '2023098', '16039@qq.com', '113393834');
INSERT INTO `user` VALUES (101, '缠丸', '女', '2023099', '12011@qq.com', '115553311');
INSERT INTO `user` VALUES (102, '杜宾', '女', '2023100', '10067@qq.com', '159006254');
INSERT INTO `user` VALUES (103, '红豆', '女', '2023101', '11572@qq.com', '103042402');
INSERT INTO `user` VALUES (104, '清道夫', '女', '2023102', '14032@qq.com', '196726706');
INSERT INTO `user` VALUES (105, '讯使', '男', '2023103', '12244@qq.com', '132660889');
INSERT INTO `user` VALUES (106, '白雪', '女', '2023104', '10979@qq.com', '133499069');
INSERT INTO `user` VALUES (107, '流星', '女', '2023105', '11639@qq.com', '132536789');
INSERT INTO `user` VALUES (108, '杰西卡', '女', '2023106', '13214@qq.com', '133690216');
INSERT INTO `user` VALUES (109, '远山', '女', '2023107', '12872@qq.com', '105969196');
INSERT INTO `user` VALUES (110, '夜烟', '女', '2023108', '14194@qq.com', '113532019');
INSERT INTO `user` VALUES (111, '梓兰', '女', '2023109', '12930@qq.com', '154349503');
INSERT INTO `user` VALUES (112, '芙蓉', '女', '2023110', '10894@qq.com', '174480410');
INSERT INTO `user` VALUES (113, '安德切尔', '男', '2023111', '17193@qq.com', '140020051');
INSERT INTO `user` VALUES (114, '克洛丝', '女', '2023112', '17472@qq.com', '134213430');
INSERT INTO `user` VALUES (115, '玫兰莎', '女', '2023113', '19459@qq.com', '164014113');
INSERT INTO `user` VALUES (116, '翎羽', '女', '2023114', '14646@qq.com', '103486501');
INSERT INTO `user` VALUES (117, '12F', '男', '2023115', '17209@qq.com', '115416528');
INSERT INTO `user` VALUES (118, '巡林者', '男', '2023116', '10188@qq.com', '187549529');
INSERT INTO `user` VALUES (119, '黑角', '男', '2023117', '17237@qq.com', '119606503');
INSERT INTO `user` VALUES (120, '惊蛰', '女', '2023118', '12700@qq.com', '166276309');
INSERT INTO `user` VALUES (121, '夜刀', '女', '2023119', '10085@qq.com', '193479450');
INSERT INTO `user` VALUES (122, '泡普卡', '女', '2023120', '19129@qq.com', '115254431');
INSERT INTO `user` VALUES (123, '艾丝黛尔', '女', '2023121', '19965@qq.com', '165154344');
INSERT INTO `user` VALUES (124, '刻俄柏', '女', '2023122', '12768@qq.com', '182632804');
INSERT INTO `user` VALUES (125, '清流', '女', '2023123', '16099@qq.com', '179587694');
INSERT INTO `user` VALUES (126, '柏喙', '女', '2023124', '17054@qq.com', '109045512');
INSERT INTO `user` VALUES (127, '风笛', '女', '2023125', '17277@qq.com', '155794067');
INSERT INTO `user` VALUES (128, '断罪者', '断罪', '2023126', '11496@qq.com', '118534942');
INSERT INTO `user` VALUES (129, '宴', '女', '2023127', '10299@qq.com', '198702704');
INSERT INTO `user` VALUES (130, '慑砂', '男', '2023128', '11627@qq.com', '188080347');
INSERT INTO `user` VALUES (131, '傀影', '男', '2023129', '18252@qq.com', '160298530');
INSERT INTO `user` VALUES (132, '刻刀', '女', '2023130', '16129@qq.com', '145814348');
INSERT INTO `user` VALUES (133, '铸铁', '女', '2023131', '14905@qq.com', '104013605');
INSERT INTO `user` VALUES (134, '巫恋', '女', '2023132', '15967@qq.com', '175845900');
INSERT INTO `user` VALUES (135, 'THRM-EX', '男', '2023133', '19324@qq.com', '161334704');
INSERT INTO `user` VALUES (136, '温蒂', '女', '2023134', '11475@qq.com', '176101307');
INSERT INTO `user` VALUES (137, 'W', '女', '2023135', '10084@qq.com', '162231255');
INSERT INTO `user` VALUES (138, '极境', '男', '2023136', '13971@qq.com', '120842762');
INSERT INTO `user` VALUES (139, '石棉', '女', '2023137', '12652@qq.com', '182545282');
INSERT INTO `user` VALUES (140, '月禾', '女', '2023138', '14094@qq.com', '165410724');
INSERT INTO `user` VALUES (141, '波登可', '女', '2023139', '12936@qq.com', '128601835');
INSERT INTO `user` VALUES (142, '苦艾', '女', '2023140', '14490@qq.com', '127833151');
INSERT INTO `user` VALUES (143, '莱恩哈特', '男', '2023141', '11977@qq.com', '161169329');
INSERT INTO `user` VALUES (144, '早露', '女', '2023142', '10017@qq.com', '157959606');
INSERT INTO `user` VALUES (145, '亚叶', '女', '2023143', '18575@qq.com', '100960178');
INSERT INTO `user` VALUES (146, '卡达', '女', '2023144', '15986@qq.com', '117297695');
INSERT INTO `user` VALUES (147, '断崖', '男', '2023145', '13533@qq.com', '152385808');
INSERT INTO `user` VALUES (148, '铃兰', '女', '2023146', '14329@qq.com', '192177423');
INSERT INTO `user` VALUES (149, '蜜蜡', '女', '2023147', '19335@qq.com', '175043048');
INSERT INTO `user` VALUES (150, '贾维', '男', '2023148', '13446@qq.com', '123766677');
INSERT INTO `user` VALUES (151, '稀音', '女', '2023149', '11500@qq.com', '187705539');
INSERT INTO `user` VALUES (152, '棘刺', '男', '2023150', '18921@qq.com', '193235749');
INSERT INTO `user` VALUES (153, '安哲拉', '女', '2023151', '13640@qq.com', '126828064');
INSERT INTO `user` VALUES (154, '孑', '男', '2023152', '11510@qq.com', '189486936');
INSERT INTO `user` VALUES (155, '安赛尔', '男', '2023153', '15695@qq.com', '198249588');
INSERT INTO `user` VALUES (156, '森蚺', '女', '2023154', '11944@qq.com', '162406873');
INSERT INTO `user` VALUES (157, '燧石', '女', '2023155', '12131@qq.com', '158058517');
INSERT INTO `user` VALUES (158, '特米米', '女', '2023156', '12113@qq.com', '122651559');
INSERT INTO `user` VALUES (159, '酸糖', '女', '2023157', '12564@qq.com', '194323433');
INSERT INTO `user` VALUES (160, '芳汀', '男', '2023158', '14922@qq.com', '132817151');
INSERT INTO `user` VALUES (161, '薄绿', '女', '2023159', '18948@qq.com', '174731464');
INSERT INTO `user` VALUES (162, '四月', '女', '2023160', '10280@qq.com', '161050941');
INSERT INTO `user` VALUES (163, '史尔特尔', '女', '2023161', '11394@qq.com', '103150774');
INSERT INTO `user` VALUES (164, '泡泡', '女', '2023162', '15156@qq.com', '179462819');
INSERT INTO `user` VALUES (165, '鞭刃', '女', '2023163', '12102@qq.com', '106284713');
INSERT INTO `user` VALUES (166, '奥斯塔', '男', '2023164', '19222@qq.com', '183586738');
INSERT INTO `user` VALUES (167, '瑕光', '女', '2023165', '13263@qq.com', '110307109');
INSERT INTO `user` VALUES (168, '迷迭香', '女', '2023166', '17039@qq.com', '109686657');
INSERT INTO `user` VALUES (169, '杰克', '女', '2023167', '17455@qq.com', '194319485');
INSERT INTO `user` VALUES (170, '絮雨', '女', '2023168', '15856@qq.com', '100229960');
INSERT INTO `user` VALUES (171, '泥岩', '女', '2023169', '10068@qq.com', '119370519');
INSERT INTO `user` VALUES (172, '阿米娅（近卫）', '', '2023170', '10470@qq.com', '166453926');
INSERT INTO `user` VALUES (173, '山', '男', '2023171', '17476@qq.com', '100578614');
INSERT INTO `user` VALUES (174, '罗宾', '女', '2023172', '16356@qq.com', '107545876');
INSERT INTO `user` VALUES (175, '卡夫卡', '女', '2023173', '15558@qq.com', '198297413');
INSERT INTO `user` VALUES (176, '松果', '女', '2023174', '13402@qq.com', '129946570');
INSERT INTO `user` VALUES (177, '豆苗', '女', '2023175', '14779@qq.com', '198887095');
INSERT INTO `user` VALUES (178, '爱丽丝', '女', '2023176', '14300@qq.com', '154895162');
INSERT INTO `user` VALUES (179, '空弦', '女', '2023177', '13865@qq.com', '169527728');
INSERT INTO `user` VALUES (180, '图耶', '女', '2023178', '16499@qq.com', '196671427');
INSERT INTO `user` VALUES (181, '炎狱炎熔', '女', '2023179', '19117@qq.com', '117022822');
INSERT INTO `user` VALUES (182, '乌有', '男', '2023180', '19920@qq.com', '170631291');
INSERT INTO `user` VALUES (183, '嵯峨', '女', '2023181', '16229@qq.com', '123527321');
INSERT INTO `user` VALUES (184, '夕', '女', '2023182', '10332@qq.com', '194525981');
INSERT INTO `user` VALUES (185, '灰烬', '女', '2023183', '10185@qq.com', '177089533');
INSERT INTO `user` VALUES (186, '霜华', '女', '2023184', '14814@qq.com', '197451074');
INSERT INTO `user` VALUES (187, '闪击', '男', '2023185', '17100@qq.com', '111057561');
INSERT INTO `user` VALUES (188, '战车', '男', '2023186', '16937@qq.com', '129904340');
INSERT INTO `user` VALUES (189, '异客', '男', '2023187', '12651@qq.com', '123617595');
INSERT INTO `user` VALUES (190, '暴雨', '女', '2023188', '17547@qq.com', '115892909');
INSERT INTO `user` VALUES (191, '熔泉', '女', '2023189', '15329@qq.com', '180248294');
INSERT INTO `user` VALUES (192, '凯尔希', '女', '2023190', '17801@qq.com', '109671177');
INSERT INTO `user` VALUES (193, '歌蕾蒂娅', '女', '2023191', '15976@qq.com', '105434540');
INSERT INTO `user` VALUES (194, '浊心斯卡蒂', '女', '2023192', '12227@qq.com', '193184398');
INSERT INTO `user` VALUES (195, '赤冬', '女', '2023193', '16050@qq.com', '160206345');
INSERT INTO `user` VALUES (196, '卡涅利安', '女', '2023194', '16933@qq.com', '149695441');
INSERT INTO `user` VALUES (197, '绮良', '女', '2023195', '14512@qq.com', '102563636');
INSERT INTO `user` VALUES (198, '深靛', '女', '2023196', '18085@qq.com', '116663478');
INSERT INTO `user` VALUES (199, '贝娜', '女', '2023197', '15299@qq.com', '174588237');
INSERT INTO `user` VALUES (200, '帕拉斯', '女', '2023198', '17074@qq.com', '152085096');
INSERT INTO `user` VALUES (201, '龙舌兰', '男', '2023199', '13763@qq.com', '179368945');
INSERT INTO `user` VALUES (202, '羽毛笔', '女', '2023200', '18401@qq.com', '147417181');
INSERT INTO `user` VALUES (203, '假日威龙陈', '女', '2023201', '10775@qq.com', '123702065');
INSERT INTO `user` VALUES (204, '水月', '男', '2023202', '12364@qq.com', '157589454');
INSERT INTO `user` VALUES (205, '琴柳', '女', '2023203', '19280@qq.com', '172059784');
INSERT INTO `user` VALUES (206, '桑葚', '女', '2023204', '10497@qq.com', '140116947');
INSERT INTO `user` VALUES (207, '罗比菈塔', '女', '2023205', '12278@qq.com', '188642617');
INSERT INTO `user` VALUES (208, '远牙', '女', '2023206', '12649@qq.com', '122262988');
INSERT INTO `user` VALUES (209, '灰毫', '女', '2023207', '17252@qq.com', '145621409');
INSERT INTO `user` VALUES (210, '蚀清', '男', '2023208', '10027@qq.com', '160678075');
INSERT INTO `user` VALUES (211, '野鬃', '女', '2023209', '13572@qq.com', '188752584');
INSERT INTO `user` VALUES (212, '耀骑士临光', '女', '2023210', '11708@qq.com', '135537428');
INSERT INTO `user` VALUES (213, '焰尾', '女', '2023211', '11322@qq.com', '197592583');
INSERT INTO `user` VALUES (214, '布丁', '女', '2023212', '14028@qq.com', '106117407');
INSERT INTO `user` VALUES (215, '正义骑士号', '女', '2023213', '12171@qq.com', '158280946');
INSERT INTO `user` VALUES (216, '蜜莓', '女', '2023214', '14761@qq.com', '191422779');
INSERT INTO `user` VALUES (217, '耶拉', '女', '2023215', '19265@qq.com', '160652787');
INSERT INTO `user` VALUES (218, '极光', '女', '2023216', '18035@qq.com', '161517222');
INSERT INTO `user` VALUES (219, '灵知', '男', '2023217', '11905@qq.com', '122251889');
INSERT INTO `user` VALUES (220, '暮落', '男', '2023218', '13415@qq.com', '126180879');
INSERT INTO `user` VALUES (221, '九色鹿', '女', '2023219', '11121@qq.com', '114449027');
INSERT INTO `user` VALUES (222, '寒芒克洛丝', '女', '2023220', '10851@qq.com', '152662791');
INSERT INTO `user` VALUES (223, '夜半', '女', '2023221', '11163@qq.com', '102681425');
INSERT INTO `user` VALUES (224, '老鲤', '男', '2023222', '12678@qq.com', '126852697');
INSERT INTO `user` VALUES (225, '令', '女', '2023223', '14018@qq.com', '148213948');
INSERT INTO `user` VALUES (226, '夏栎', '女', '2023224', '13311@qq.com', '159457585');
INSERT INTO `user` VALUES (227, '澄闪', '女', '2023225', '17511@qq.com', '124802531');
INSERT INTO `user` VALUES (228, '见行者', '男', '2023226', '11275@qq.com', '163277099');
INSERT INTO `user` VALUES (229, '风丸', '女', '2023227', '11804@qq.com', '185451154');
INSERT INTO `user` VALUES (230, '菲亚梅塔', '女', '2023228', '11142@qq.com', '158675800');
INSERT INTO `user` VALUES (231, '号角', '女', '2023229', '18595@qq.com', '142438934');
INSERT INTO `user` VALUES (232, '洛洛', '女', '2023230', '11614@qq.com', '127742827');
INSERT INTO `user` VALUES (233, '褐果', '男', '2023231', '16326@qq.com', '166754714');
INSERT INTO `user` VALUES (234, '海蒂', '女', '2023232', '12228@qq.com', '190441469');
INSERT INTO `user` VALUES (235, '归溟幽灵鲨', '女', '2023233', '18485@qq.com', '165087330');
INSERT INTO `user` VALUES (236, '掠风', '男', '2023234', '12970@qq.com', '136390477');
INSERT INTO `user` VALUES (237, '艾丽妮', '女', '2023235', '16192@qq.com', '171911188');
INSERT INTO `user` VALUES (238, '流明', '男', '2023236', '17844@qq.com', '126077938');
INSERT INTO `user` VALUES (239, '埃拉托', '女', '2023237', '16425@qq.com', '101999990');
INSERT INTO `user` VALUES (240, '黑键', '男', '2023238', '17479@qq.com', '188562293');
INSERT INTO `user` VALUES (241, '濯尘芙蓉', '女', '2023239', '12132@qq.com', '167174232');
INSERT INTO `user` VALUES (242, '车尔尼', '男', '2023240', '17260@qq.com', '187653335');
INSERT INTO `user` VALUES (243, '多萝西', '女', '2023241', '19606@qq.com', '137900432');
INSERT INTO `user` VALUES (244, '承曦格雷伊', '男', '2023242', '18187@qq.com', '168575904');
INSERT INTO `user` VALUES (245, '星源', '女', '2023243', '16129@qq.com', '123012769');
INSERT INTO `user` VALUES (246, '百炼嘉维尔', '女', '2023244', '18502@qq.com', '155320894');
INSERT INTO `user` VALUES (247, '鸿雪', '女', '2023245', '10331@qq.com', '100216445');
INSERT INTO `user` VALUES (248, '至简', '男', '2023246', '12218@qq.com', '178577439');
INSERT INTO `user` VALUES (249, '晓歌', '女', '2023247', '19571@qq.com', '156555986');
INSERT INTO `user` VALUES (250, '玛恩纳', '男', '2023248', '18037@qq.com', '121441100');
INSERT INTO `user` VALUES (251, '但书', '女', '2023249', '18055@qq.com', '123265028');
INSERT INTO `user` VALUES (252, '罗小黑', '男', '2023250', '13883@qq.com', '175263531');
INSERT INTO `user` VALUES (253, '海沫', '女', '2023251', '15173@qq.com', '176537069');
INSERT INTO `user` VALUES (254, '铅踝', '男', '2023252', '17784@qq.com', '130342905');
INSERT INTO `user` VALUES (255, '白铁', '男', '2023253', '16996@qq.com', '182896158');
INSERT INTO `user` VALUES (256, '达格达', '女', '2023254', '13493@qq.com', '194675309');
INSERT INTO `user` VALUES (257, '明椒', '女', '2023255', '14181@qq.com', '159255725');
INSERT INTO `user` VALUES (258, '缄默德克萨斯', '女', '2023256', '11580@qq.com', '193526680');
INSERT INTO `user` VALUES (259, '斥罪', '女', '2023257', '17558@qq.com', '127841812');
INSERT INTO `user` VALUES (260, '雪绒', '男', '2023258', '10067@qq.com', '152071204');
INSERT INTO `user` VALUES (261, '伺夜', '男', '2023259', '10781@qq.com', '149008808');
INSERT INTO `user` VALUES (262, '石英', '女', '2023260', '19017@qq.com', '108989267');
INSERT INTO `user` VALUES (263, '子月', '女', '2023261', '12619@qq.com', '152625530');
INSERT INTO `user` VALUES (264, '谜图', '男', '2023262', '19525@qq.com', '191318407');
INSERT INTO `user` VALUES (265, '和弦', '女', '2023263', '14276@qq.com', '151682145');
INSERT INTO `user` VALUES (266, '焰影苇草', '女', '2023264', '10791@qq.com', '128722251');
INSERT INTO `user` VALUES (267, '重岳', '男', '2023265', '15730@qq.com', '137487152');
INSERT INTO `user` VALUES (268, '截云', '女', '2023266', '13297@qq.com', '186629155');
INSERT INTO `user` VALUES (269, '林', '女', '2023267', '19015@qq.com', '198695167');
INSERT INTO `user` VALUES (270, '火哨', '女', '2023268', '11729@qq.com', '113316835');
INSERT INTO `user` VALUES (271, '铎铃', '女', '2023269', '12526@qq.com', '125987596');
INSERT INTO `user` VALUES (272, '仇白', '女', '2023270', '19058@qq.com', '111467759');
INSERT INTO `user` VALUES (273, '麒麟X夜刀', '女', '2023271', '11272@qq.com', '108881009');
INSERT INTO `user` VALUES (274, '火龙S黑角', '男', '2023272', '12777@qq.com', '146108337');
INSERT INTO `user` VALUES (275, '泰拉大陆调查团', '未知', '2023273', '12402@qq.com', '197800352');
INSERT INTO `user` VALUES (276, 'U-Official', '女', '2023274', '10219@qq.com', '138953036');
INSERT INTO `user` VALUES (277, '摩根', '女', '2023275', '13883@qq.com', '152603634');
INSERT INTO `user` VALUES (278, '休谟斯', '男', '2023276', '10464@qq.com', '198876233');
INSERT INTO `user` VALUES (279, '伊内丝', '女', '2023277', '11800@qq.com', '168915262');
INSERT INTO `user` VALUES (280, '洋灰', '女', '2023278', '18466@qq.com', '166252434');
INSERT INTO `user` VALUES (281, '缪尔赛思', '女', '2023279', '12594@qq.com', '108710597');
INSERT INTO `user` VALUES (282, '霍尔海雅', '女', '2023280', '11438@qq.com', '100359026');
INSERT INTO `user` VALUES (283, '淬羽赫默', '女', '2023281', '16281@qq.com', '137451305');
INSERT INTO `user` VALUES (284, '玫拉', '女', '2023282', '10195@qq.com', '176891182');
INSERT INTO `user` VALUES (285, 'Friston-3', '男', '2023283', '19428@qq.com', '182158587');
INSERT INTO `user` VALUES (286, '圣约送葬人', '男', '2023284', '13740@qq.com', '195327513');
INSERT INTO `user` VALUES (287, '空构', '女', '2023285', '15501@qq.com', '178559418');
INSERT INTO `user` VALUES (288, '隐现', '男', '2023286', '16623@qq.com', '181749860');

SET FOREIGN_KEY_CHECKS = 1;
